Шаг,Время,Ширина,Высота,Частота кадров,Кодек,Битрейт (КБ/сек),Время видео,day,month,hour_min
-1.7295351187937131,23.647787251359304,0.0,0.0,25.0,0,-1.9886291190620762,2024-04-13 18:03:36,0,0,18.05
-1.724500082057778,-0.2448996206114523,0.0,0.0,25.0,0,15.134473525185598,2024-04-13 18:03:36,0,0,18.05
-1.719465045321843,-0.43149358279545785,0.0,0.0,25.0,0,-0.6760129987078455,2024-04-13 18:03:36,0,0,18.05
-1.7144300085859079,-0.4196656829076238,0.0,0.0,25.0,0,-0.6760129987078455,2024-04-13 18:03:36,0,0,18.05
-1.7093949718499728,-0.29434299281699594,0.0,0.0,25.0,0,-0.6760129987078455,2024-04-13 18:03:36,0,0,18.05
-1.7043599351140377,0.23857069922237498,0.0,0.0,25.0,0,0.6415282592038111,2024-04-13 18:03:36,0,0,18.05
-1.6993248983781026,-0.3925076852000473,0.0,0.0,25.0,0,-0.6760129987078455,2024-04-13 18:03:36,0,0,18.05
-1.6942898616421673,0.3531559353450599,0.0,0.0,25.0,0,0.6415282592038111,2024-04-13 18:03:36,0,0,18.05
-1.6892548249062322,0.252230744732372,0.0,0.0,25.0,0,0.6415282592038111,2024-04-13 18:03:37,0,0,18.05
-1.6842197881702972,-0.37347891270608063,0.0,0.0,25.0,0,-0.6760140700886498,2024-04-13 18:03:37,0,0,18.05
-1.679184751434362,-0.36562475493172486,0.0,0.0,25.0,0,-0.6760108559462368,2024-04-13 18:03:37,0,0,18.05
-1.674149714698427,0.36691913114477354,0.0,0.0,25.0,0,0.6415282592038111,2024-04-13 18:03:37,0,0,18.05
-1.669114677962492,0.33993796250529046,0.0,0.0,25.0,0,0.6415282592038111,2024-04-13 18:03:37,0,0,18.05
-1.6640796412265566,-0.4018501542974992,0.0,0.0,25.0,0,-0.6760129987078455,2024-04-13 18:03:37,0,0,18.05
-1.6590446044906215,0.37646298890310725,0.0,0.0,25.0,0,0.6415282592038111,2024-04-13 18:03:37,0,0,18.05
-1.6540095677546864,0.2606546850594623,0.0,0.0,25.0,0,0.6415282592038111,2024-04-13 18:03:37,0,0,18.05
-1.6489745310187514,-0.35610545676618355,0.0,0.0,25.0,0,-0.6760129987078455,2024-04-13 18:03:37,0,0,18.05
-1.6439394942828163,0.3337931523891426,0.0,0.0,25.0,0,0.6415282592038111,2024-04-13 18:03:37,0,0,18.05
-1.6389044575468812,-0.3881851968689461,0.0,0.0,25.0,0,-0.6760129987078455,2024-04-13 18:03:37,0,0,18.05
-1.6338694208109459,-0.4029798955658564,0.0,0.0,25.0,0,-0.6760129987078455,2024-04-13 18:03:37,0,0,18.05
-1.6288343840750108,0.313644462463935,0.0,0.0,25.0,0,0.6415282592038111,2024-04-13 18:03:37,0,0,18.05
-1.6237993473390757,-0.3748100426353175,0.0,0.0,25.0,0,-0.6760129987078455,2024-04-13 18:03:37,0,0,18.05
-1.6187643106031406,0.24330578871235556,0.0,0.0,25.0,0,-0.6760129987078455,2024-04-13 18:03:37,0,0,18.05
-1.6137292738672055,-0.2033644372844028,0.0,0.0,25.0,0,0.6415282592038111,2024-04-13 18:03:37,0,0,18.05
-1.6086942371312705,0.10964266091012373,0.0,0.0,25.0,0,0.6415282592038111,2024-04-13 18:03:38,0,0,18.05
-1.6036592003953352,-0.4010642473282088,0.0,0.0,25.0,0,-0.6760129987078455,2024-04-13 18:03:38,0,0,18.05
-1.5986241636594,-0.34920421119209344,0.0,0.0,25.0,0,-0.6760129987078455,2024-04-13 18:03:38,0,0,18.05
-1.593589126923465,0.3317743538617762,0.0,0.0,25.0,0,0.6415282592038111,2024-04-13 18:03:38,0,0,18.05
-1.58855409018753,-0.36570825754721153,0.0,0.0,25.0,0,-0.6760129987078455,2024-04-13 18:03:38,0,0,18.05
-1.5835190534515948,0.630173406264598,0.0,0.0,25.0,0,-0.6760129987078455,2024-04-13 18:03:38,0,0,18.05
-1.5784840167156597,6.140943251098667,0.0,0.0,25.0,0,0.6415282592038111,2024-04-13 18:03:38,0,0,18.05
-1.5734489799797247,0.02426369253373014,0.0,0.0,25.0,0,11.181858322497062,2024-04-13 18:03:38,0,0,18.05
-1.5684139432437894,-0.3504567504244017,0.0,0.0,25.0,0,-0.6760129987078455,2024-04-13 18:03:38,0,0,18.05
-1.5633789065078543,0.30507316458010114,0.0,0.0,25.0,0,0.6415282592038111,2024-04-13 18:03:38,0,0,18.05
-1.5583438697719192,-0.4123960434416788,0.0,0.0,25.0,0,-0.6760129987078455,2024-04-13 18:03:38,0,0,18.05
-1.553308833035984,0.35633394665213164,0.0,0.0,25.0,0,0.6415282592038111,2024-04-13 18:03:38,0,0,18.05
-1.548273796300049,-0.35476941491838665,0.0,0.0,25.0,0,-0.6760129987078455,2024-04-13 18:03:39,0,0,18.05
-1.543238759564114,0.5870958805103142,0.0,0.0,25.0,0,0.6415282592038111,2024-04-13 18:03:39,0,0,18.05
-1.5382037228281786,0.04670133650700058,0.0,0.0,25.0,0,0.6415282592038111,2024-04-13 18:03:39,0,0,18.05
-1.5331686860922435,-0.34866881206926315,0.0,0.0,25.0,0,-0.6760129987078455,2024-04-13 18:03:39,0,0,18.05
-1.5281336493563085,-0.4425306637954456,0.0,0.0,25.0,0,-0.6760129987078455,2024-04-13 18:03:39,0,0,18.05
-1.5230986126203734,0.3505182350793743,0.0,0.0,25.0,0,0.6415282592038111,2024-04-13 18:03:39,0,0,18.05
-1.5180635758844383,-0.3969431476579874,0.0,0.0,25.0,0,-0.6760129987078455,2024-04-13 18:03:39,0,0,18.05
-1.5130285391485032,-0.4247102232667629,0.0,0.0,25.0,0,-0.6760129987078455,2024-04-13 18:03:39,0,0,18.05
-1.507993502412568,0.31615445284710936,0.0,0.0,25.0,0,0.6415282592038111,2024-04-13 18:03:39,0,0,18.05
-1.5029584656766328,-0.40563233158721385,0.0,0.0,25.0,0,-0.6760129987078455,2024-04-13 18:03:39,0,0,18.05
-1.4979234289406977,0.23675820127444616,0.0,0.0,25.0,0,0.6415282592038111,2024-04-13 18:03:39,0,0,18.05
-1.4928883922047627,-0.37462830164867,0.0,0.0,25.0,0,-0.6760129987078455,2024-04-13 18:03:39,0,0,18.05
-1.4878533554688276,-0.4311055412293708,0.0,0.0,25.0,0,-0.6760129987078455,2024-04-13 18:03:39,0,0,18.05
-1.4828183187328925,-0.3156017763363286,0.0,0.0,25.0,0,-0.6760129987078455,2024-04-13 18:03:39,0,0,18.05
-1.4777832819969574,0.2675804902263426,0.0,0.0,25.0,0,0.6415282592038111,2024-04-13 18:03:39,0,0,18.05
-1.472748245261022,-0.43340923103310763,0.0,0.0,25.0,0,-0.6760129987078455,2024-04-13 18:03:39,0,0,18.05
-1.467713208525087,0.3679948413089923,0.0,0.0,25.0,0,0.6415282592038111,2024-04-13 18:03:39,0,0,18.05
-1.462678171789152,0.3480671877188965,0.0,0.0,25.0,0,0.6415282592038111,2024-04-13 18:03:40,0,0,18.05
-1.4576431350532169,-0.25861860914414575,0.0,0.0,25.0,0,-0.6760129987078455,2024-04-13 18:03:40,0,0,18.05
-1.4526080983172818,0.1508487456937826,0.0,0.0,25.0,0,0.6415282592038111,2024-04-13 18:03:40,0,0,18.05
-1.4475730615813467,-0.3758661051253021,0.0,0.0,25.0,0,-0.6760129987078455,2024-04-13 18:03:40,0,0,18.05
-1.4425380248454114,-0.29059028703862944,0.0,0.0,25.0,0,-0.6760129987078455,2024-04-13 18:03:40,0,0,18.05
-1.4375029881094763,0.12261503782198906,0.0,0.0,25.0,0,0.6415282592038111,2024-04-13 18:03:40,0,0,18.05
-1.4324679513735412,-0.3327001648369734,0.0,0.0,25.0,0,-0.6760129987078455,2024-04-13 18:03:40,0,0,18.05
-1.4274329146376061,0.3543986507402519,0.0,0.0,25.0,0,0.6415282592038111,2024-04-13 18:03:40,0,0,18.05
-1.422397877901671,0.33801249043052484,0.0,0.0,25.0,0,0.6415282592038111,2024-04-13 18:03:40,0,0,18.05
-1.417362841165736,0.1753886908099058,0.0,0.0,25.0,0,-0.6760269266583016,2024-04-13 18:03:40,0,0,18.05
-1.4123278044298007,0.04647538825332874,0.0,0.0,25.0,0,0.6415282592038111,2024-04-13 18:03:40,0,0,18.05
-1.4072927676938656,0.5974158214008221,0.0,0.0,25.0,0,0.6415282592038111,2024-04-13 18:03:40,0,0,18.05
-1.4022577309579305,-0.12763247695606167,0.0,0.0,25.0,0,0.6415282592038111,2024-04-13 18:03:40,0,0,18.05
-1.3972226942219954,-0.44407791814123615,0.0,0.0,25.0,0,-0.1599288652703902,2024-04-13 18:03:40,0,0,18.05
-1.3921876574860603,-0.1887170961442339,0.0,0.0,25.0,0,-1.1920971321453007,2024-04-13 18:03:40,0,0,18.05
-1.3871526207501252,0.30956757006073565,0.0,0.0,25.0,0,0.6420060950425346,2024-04-13 18:03:40,0,0,18.05
-1.3821175840141902,-0.40432084933220924,0.0,0.0,25.0,0,-0.6760129987078455,2024-04-13 18:03:40,0,0,18.05
-1.3770825472782549,0.11912266372720076,0.0,0.0,25.0,0,0.6415282592038111,2024-04-13 18:03:41,0,0,18.05
-1.3720475105423198,-0.3774133594710946,0.0,0.0,25.0,0,-0.6760129987078455,2024-04-13 18:03:41,0,0,18.05
-1.3670124738063847,-0.22917656930706656,0.0,0.0,25.0,0,-0.6760129987078455,2024-04-13 18:03:41,0,0,18.05
-1.3619774370704496,0.20879956084190518,0.0,0.0,25.0,0,0.6415282592038111,2024-04-13 18:03:41,0,0,18.05
-1.3569424003345145,0.40165621918745387,0.0,0.0,25.0,0,0.6415282592038111,2024-04-13 18:03:41,0,0,18.05
-1.3519073635985794,0.28885892141990743,0.0,0.0,25.0,0,0.6415282592038111,2024-04-13 18:03:41,0,0,18.05
-1.3468723268626441,-0.3947131366326211,0.0,0.0,25.0,0,-0.6760129987078455,2024-04-13 18:03:41,0,0,18.05
-1.341837290126709,-0.38023280072342747,0.0,0.0,25.0,0,-0.6760129987078455,2024-04-13 18:03:41,0,0,18.05
-1.336802253390774,0.32755010390183387,0.0,0.0,25.0,0,0.6415282592038111,2024-04-13 18:03:41,0,0,18.05
-1.3317672166548389,0.26498699722768165,0.0,0.0,25.0,0,0.6415282592038111,2024-04-13 18:03:41,0,0,18.05
-1.3267321799189038,-0.3714404665044801,0.0,0.0,25.0,0,-0.6760129987078455,2024-04-13 18:03:41,0,0,18.05
-1.3216971431829687,-0.3366591711947796,0.0,0.0,25.0,0,-0.6760129987078455,2024-04-13 18:03:41,0,0,18.05
-1.3166621064470334,0.3382187910099644,0.0,0.0,25.0,0,0.6415282592038111,2024-04-13 18:03:41,0,0,18.05
-1.3116270697110983,0.22429666389262107,0.0,0.0,25.0,0,0.6415282592038111,2024-04-13 18:03:41,0,0,18.05
-1.3065920329751632,-0.40252308713995466,0.0,0.0,25.0,0,-0.6760129987078455,2024-04-13 18:03:41,0,0,18.05
-1.3015569962392282,-0.34864916439503096,0.0,0.0,25.0,0,-0.6760129987078455,2024-04-13 18:03:41,0,0,18.05
-1.296521959503293,-0.4166399410758513,0.0,0.0,25.0,0,-0.6760129987078455,2024-04-13 18:03:41,0,0,18.05
-1.291486922767358,0.26623953645998977,0.0,0.0,25.0,0,0.6415282592038111,2024-04-13 18:03:42,0,0,18.05
-1.286451886031423,-0.2566243702095674,0.0,0.0,25.0,0,-0.6760129987078455,2024-04-13 18:03:42,0,0,18.05
-1.2814168492954876,0.10839012167781559,0.0,0.0,25.0,0,0.6415282592038111,2024-04-13 18:03:42,0,0,18.05
-1.2763818125595525,-0.4005484958796106,0.0,0.0,25.0,0,-0.6760129987078455,2024-04-13 18:03:42,0,0,18.05
-1.2713467758236174,-0.37854310073945185,0.0,0.0,25.0,0,-0.6760129987078455,2024-04-13 18:03:42,0,0,18.05
-1.2663117390876824,-0.3866428544417116,0.0,0.0,25.0,0,-0.6760129987078455,2024-04-13 18:03:42,0,0,18.05
-1.2612767023517473,0.2413950523932659,0.0,0.0,25.0,0,0.6415282592038111,2024-04-13 18:03:42,0,0,18.05
-1.2562416656158122,-0.4038640409063095,0.0,0.0,25.0,0,-0.6760129987078455,2024-04-13 18:03:42,0,0,18.05
-1.2512066288798769,-0.39137794393169206,0.0,0.0,25.0,0,-0.6760129987078455,2024-04-13 18:03:42,0,0,18.05
-1.2461715921439418,-0.3908228971346296,0.0,0.0,25.0,0,-0.6760129987078455,2024-04-13 18:03:42,0,0,18.05
-1.2411365554080067,0.4097952682381781,0.0,0.0,25.0,0,0.6415282592038111,2024-04-13 18:03:42,0,0,18.05
-1.2361015186720716,0.2905486214038833,0.0,0.0,25.0,0,0.6415282592038111,2024-04-13 18:03:42,0,0,18.05
-1.2310664819361365,0.2955342187403258,0.0,0.0,25.0,0,0.6415282592038111,2024-04-13 18:03:42,0,0,18.05
-1.2260314452002015,-0.4008186514003048,0.0,0.0,25.0,0,-0.6760129987078455,2024-04-13 18:03:42,0,0,18.05
-1.2209964084642662,-0.41430677976076835,0.0,0.0,25.0,0,-0.6760129987078455,2024-04-13 18:03:42,0,0,18.05
-1.215961371728331,-0.3712489016807166,0.0,0.0,25.0,0,-0.6760129987078455,2024-04-13 18:03:42,0,0,18.05
-1.210926334992396,0.32532500479502763,0.0,0.0,25.0,0,0.6415282592038111,2024-04-13 18:03:42,0,0,18.05
-1.205891298256461,-0.3720937516727034,0.0,0.0,25.0,0,-0.6760129987078455,2024-04-13 18:03:42,0,0,18.05
-1.2008562615205258,-0.4152596919610341,0.0,0.0,25.0,0,-0.6760129987078455,2024-04-13 18:03:43,0,0,18.05
-1.1958212247845907,0.12443735960703403,0.0,0.0,25.0,0,0.6415282592038111,2024-04-13 18:03:43,0,0,18.05
-1.1907861880486554,-0.3695002586740423,0.0,0.0,25.0,0,-0.6760129987078455,2024-04-13 18:03:43,0,0,18.05
-1.1857511513127204,-0.4000720397794767,0.0,0.0,25.0,0,-0.6760129987078455,2024-04-13 18:03:43,0,0,18.05
-1.1807161145767853,-0.3618966087461486,0.0,0.0,25.0,0,-0.6760129987078455,2024-04-13 18:03:43,0,0,18.05
-1.1756810778408502,-0.3908867520758841,0.0,0.0,25.0,0,-0.6760129987078455,2024-04-13 18:03:43,0,0,18.05
-1.170646041104915,0.3016937646121479,0.0,0.0,25.0,0,0.6415282592038111,2024-04-13 18:03:43,0,0,18.05
-1.16561100436898,0.29733198093258045,0.0,0.0,25.0,0,0.6415282592038111,2024-04-13 18:03:43,0,0,18.05
-1.160575967633045,-0.34066238481960615,0.0,0.0,25.0,0,-0.6760129987078455,2024-04-13 18:03:43,0,0,18.05
-1.1555409308971096,0.5223273224035881,0.0,0.0,25.0,0,0.6415282592038111,2024-04-13 18:03:43,0,0,18.05
-1.1505058941611745,0.2579138345040603,0.0,0.0,25.0,0,0.6415282592038111,2024-04-13 18:03:43,0,0,18.05
-1.1454708574252395,0.20711477277648763,0.0,0.0,25.0,0,0.6415282592038111,2024-04-13 18:03:43,0,0,18.05
-1.1404358206893044,-0.3874434971666761,0.0,0.0,25.0,0,-0.6760129987078455,2024-04-13 18:03:43,0,0,18.05
-1.1354007839533693,-0.11026393293472266,0.0,0.0,25.0,0,-0.6760129987078455,2024-04-13 18:03:43,0,0,18.05
-1.1303657472174342,0.014331793209311564,0.0,0.0,25.0,0,0.6415282592038111,2024-04-13 18:03:43,0,0,18.05
-1.125330710481499,-0.34056905836700335,0.0,0.0,25.0,0,-0.6760129987078455,2024-04-13 18:03:43,0,0,18.05
-1.1202956737455638,0.2790498200594399,0.0,0.0,25.0,0,0.6415282592038111,2024-04-13 18:03:43,0,0,18.05
-1.1152606370096287,-0.32474776869145694,0.0,0.0,25.0,0,-0.6760129987078455,2024-04-13 18:03:44,0,0,18.05
-1.1102256002736937,0.2732635799980309,0.0,0.0,25.0,0,0.6415282592038111,2024-04-13 18:03:44,0,0,18.05
-1.1051905635377586,-0.23602378377701816,0.0,0.0,25.0,0,-0.6760129987078455,2024-04-13 18:03:44,0,0,18.05
-1.1001555268018235,0.16125218919977702,0.0,0.0,25.0,0,0.6415282592038111,2024-04-13 18:03:44,0,0,18.05
-1.0951204900658882,0.5236044212286863,0.0,0.0,25.0,0,0.6415282592038111,2024-04-13 18:03:44,0,0,18.05
-1.090085453329953,0.3789926269605136,0.0,0.0,25.0,0,0.6415282592038111,2024-04-13 18:03:44,0,0,18.05
-1.085050416594018,0.26615603384450315,0.0,0.0,25.0,0,0.6415282592038111,2024-04-13 18:03:44,0,0,18.05
-1.080015379858083,-0.4169051846779874,0.0,0.0,25.0,0,-0.6760129987078455,2024-04-13 18:03:44,0,0,18.05
-1.0749803431221479,-0.42442042007183656,0.0,0.0,25.0,0,-0.6779489838212386,2024-04-13 18:03:44,0,0,18.05
-1.0699453063862128,-0.3714994095271787,0.0,0.0,25.0,0,-0.6760129987078455,2024-04-13 18:03:44,0,0,18.05
-1.0649102696502777,0.29263127487250606,0.0,0.0,25.0,0,0.6415282592038111,2024-04-13 18:03:44,0,0,18.05
-1.0598752329143424,-0.40345635166598814,0.0,0.0,25.0,0,-0.6760129987078455,2024-04-13 18:03:44,0,0,18.05
-1.0548401961784073,0.18125843348680137,0.0,0.0,25.0,0,0.6434642443172042,2024-04-13 18:03:44,0,0,18.05
-1.0498051594424722,-0.35831582011731555,0.0,0.0,25.0,0,-0.6779489838212386,2024-04-13 18:03:44,0,0,18.05
-1.0447701227065371,-0.22367522052202587,0.0,0.0,25.0,0,-0.6760129987078455,2024-04-13 18:03:44,0,0,18.05
-1.039735085970602,0.15142344016507722,0.0,0.0,25.0,0,0.6415282592038111,2024-04-13 18:03:44,0,0,18.05
-1.034700049234667,-0.38332239749645464,0.0,0.0,25.0,0,-0.6760129987078455,2024-04-13 18:03:44,0,0,18.05
-1.0296650124987317,0.5090111111926557,0.0,0.0,25.0,0,0.6415282592038111,2024-04-13 18:03:45,0,0,18.05
-1.0246299757627966,0.43015517066138326,0.0,0.0,25.0,0,0.6415282592038111,2024-04-13 18:03:45,0,0,18.05
-1.0195949390268615,0.2575405286936452,0.0,0.0,25.0,0,0.6415282592038111,2024-04-13 18:03:45,0,0,18.05
-1.0145599022909264,0.2893795847870638,0.0,0.0,25.0,0,0.6415282592038111,2024-04-13 18:03:45,0,0,18.05
-1.0095248655549913,-0.38903004686093307,0.0,0.0,25.0,0,-0.6760129987078455,2024-04-13 18:03:45,0,0,18.05
-1.0044898288190562,0.2864668170821262,0.0,0.0,25.0,0,0.6415282592038111,2024-04-13 18:03:45,0,0,18.05
-0.999454792083121,-0.40586319175944374,0.0,0.0,25.0,0,-0.6760129987078455,2024-04-13 18:03:45,0,0,18.05
-0.994419755347186,-0.3609928157314632,0.0,0.0,25.0,0,-0.6760129987078455,2024-04-13 18:03:45,0,0,18.05
-0.9893847186112508,0.294817078630848,0.0,0.0,25.0,0,0.6415282592038111,2024-04-13 18:03:45,0,0,18.05
-0.9843496818753157,-0.3009347875219274,0.0,0.0,25.0,0,-0.6760129987078455,2024-04-13 18:03:45,0,0,18.05
-0.9793146451393806,1.01057202707586,0.0,0.0,25.0,0,-0.6760129987078455,2024-04-13 18:03:45,0,0,18.05
-0.9742796084034454,-0.4075921870918838,0.0,0.0,25.0,0,1.9590695171154675,2024-04-13 18:03:45,0,0,18.05
-0.9692445716675103,-0.33816713019210787,0.0,0.0,25.0,0,-0.6760129987078455,2024-04-13 18:03:45,0,0,18.05
-0.9642095349315752,0.26953543381245665,0.0,0.0,25.0,0,0.6415282592038111,2024-04-13 18:03:45,0,0,18.05
-0.95917449819564,-0.4127595254149758,0.0,0.0,25.0,0,-0.6760129987078455,2024-04-13 18:03:45,0,0,18.05
-0.954139461459705,-0.3751489650158243,0.0,0.0,25.0,0,-0.6760129987078455,2024-04-13 18:03:45,0,0,18.05
-0.9491044247237699,0.31112956016220256,0.0,0.0,25.0,0,0.6415282592038111,2024-04-13 18:03:46,0,0,18.05
-0.9440693879878347,-0.34265171183562626,0.0,0.0,25.0,0,-0.6760129987078455,2024-04-13 18:03:46,0,0,18.05
-0.9390343512518996,0.2314042100461489,0.0,0.0,25.0,0,0.642993908144111,2024-04-13 18:03:46,0,0,18.05
-0.9339993145159645,-0.3745497109517393,0.0,0.0,25.0,0,-0.6760129987078455,2024-04-13 18:03:46,0,0,18.05
-0.9289642777800294,-0.4114480431599711,0.0,0.0,25.0,0,-0.6760129987078455,2024-04-13 18:03:46,0,0,18.05
-0.9239292410440942,0.32267256877367034,0.0,0.0,25.0,0,0.6415282592038111,2024-04-13 18:03:46,0,0,18.05
-0.9188942043081592,-0.35623316664869253,0.0,0.0,25.0,0,-0.6760129987078455,2024-04-13 18:03:46,0,0,18.05
-0.9138591675722241,0.3141995092609973,0.0,0.0,25.0,0,0.6415282592038111,2024-04-13 18:03:46,0,0,18.05
-0.9088241308362889,0.27110233583248133,0.0,0.0,25.0,0,0.6415282592038111,2024-04-13 18:03:46,0,0,18.05
-0.9037890941003538,-0.35124756931225004,0.0,0.0,25.0,0,-0.6760129987078455,2024-04-13 18:03:46,0,0,18.05
-0.8987540573644187,-0.4102495350318014,0.0,0.0,25.0,0,-0.6760129987078455,2024-04-13 18:03:46,0,0,18.05
-0.8937190206284835,0.35975264196854945,0.0,0.0,25.0,0,0.6415282592038111,2024-04-13 18:03:46,0,0,18.05
-0.8886839838925484,-0.37425990775681295,0.0,0.0,25.0,0,-0.6760129987078455,2024-04-13 18:03:46,0,0,18.05
-0.8836489471566134,-0.41268093471804723,0.0,0.0,25.0,0,-0.6760129987078455,2024-04-13 18:03:46,0,0,18.05
-0.8786139104206782,0.2992820126001341,0.0,0.0,25.0,0,0.6415282592038111,2024-04-13 18:03:46,0,0,18.05
-0.8735788736847431,0.48439748729816184,0.0,0.0,25.0,0,0.6415282592038111,2024-04-13 18:03:46,0,0,18.05
-0.868543836948808,-0.4074104461052363,0.0,0.0,25.0,0,-0.6760129987078455,2024-04-13 18:03:46,0,0,18.05
-0.8635088002128728,0.14056810015173882,0.0,0.0,25.0,0,0.6415282592038111,2024-04-13 18:03:47,0,0,18.05
-0.8584737634769377,-0.3857980044497228,0.0,0.0,25.0,0,-0.6760129987078455,2024-04-13 18:03:47,0,0,18.05
-0.8534387267410026,-0.4249165238462026,0.0,0.0,25.0,0,-0.6760129987078455,2024-04-13 18:03:47,0,0,18.05
-0.8484036900050674,0.38925853674688116,0.0,0.0,25.0,0,0.6415282592038111,2024-04-13 18:03:47,0,0,18.05
-0.8433686532691324,0.35107819379499494,0.0,0.0,25.0,0,0.6415282592038111,2024-04-13 18:03:47,0,0,18.05
-0.8383336165331973,-0.3907050110892366,0.0,0.0,25.0,0,-0.6760129987078455,2024-04-13 18:03:47,0,0,18.05
-0.8332985797972621,0.27621564305143287,0.0,0.0,25.0,0,0.6415282592038111,2024-04-13 18:03:47,0,0,18.05
-0.828263543061327,0.38999532453059294,0.0,0.0,25.0,0,0.6415282592038111,2024-04-13 18:03:47,0,0,18.05
-0.8232285063253919,-0.3712489016807166,0.0,0.0,25.0,0,-0.6760129987078455,2024-04-13 18:03:47,0,0,18.05
-0.8181934695894568,-0.2778831537289002,0.0,0.0,25.0,0,-0.6760129987078455,2024-04-13 18:03:47,0,0,18.05
-0.8131584328535216,0.1386278923213013,0.0,0.0,25.0,0,0.6415282592038111,2024-04-13 18:03:47,0,0,18.05
-0.8081233961175865,0.5247538101712739,0.0,0.0,25.0,0,0.6415282592038111,2024-04-13 18:03:47,0,0,18.05
-0.8030883593816515,0.29848136987516966,0.0,0.0,25.0,0,0.6415282592038111,2024-04-13 18:03:47,0,0,18.05
-0.7980533226457163,0.3844497684785301,0.0,0.0,25.0,0,0.6415282592038111,2024-04-13 18:03:47,0,0,18.05
-0.7930182859097812,0.27457015033447957,0.0,0.0,25.0,0,0.6415282592038111,2024-04-13 18:03:47,0,0,18.05
-0.7879832491738461,-0.34733277022146836,0.0,0.0,25.0,0,-0.6760129987078455,2024-04-13 18:03:48,0,0,18.05
-0.7829482124379109,-0.4448441774362964,0.0,0.0,25.0,0,0.5788610531979492,2024-04-13 18:03:48,0,0,18.05
-0.7779131757019758,-0.4448638251105285,0.0,0.0,25.0,0,-0.722274150457266,2024-04-13 18:03:48,0,0,18.05
-0.7728781389660407,0.3976579174811834,0.0,0.0,25.0,0,-0.5670846409525631,2024-04-13 18:03:48,0,0,18.05
-0.7678431022301055,-0.4150681271372685,0.0,0.0,25.0,0,-0.6760129987078455,2024-04-13 18:03:48,0,0,18.05
-0.7628080654941705,0.5101064690311068,0.0,0.0,25.0,0,0.6415282592038111,2024-04-13 18:03:48,0,0,18.05
-0.7577730287582354,0.2278578048472221,0.0,0.0,25.0,0,0.6415282592038111,2024-04-13 18:03:48,0,0,18.05
-0.7527379920223002,0.3685498881060549,0.0,0.0,25.0,0,0.6415282592038111,2024-04-13 18:03:48,0,0,18.05
-0.7477029552863651,0.429261201483814,0.0,0.0,25.0,0,0.6415282592038111,2024-04-13 18:03:48,0,0,18.05
-0.74266791855043,-0.44483926551773834,0.0,0.0,25.0,0,0.40374064659061615,2024-04-13 18:03:48,0,0,18.05
-0.7376328818144948,0.4074277234931866,0.0,0.0,25.0,0,-0.43905142069477565,2024-04-13 18:03:48,0,0,18.05
-0.7325978450785597,0.2232798967510989,0.0,0.0,25.0,0,0.6415282592038111,2024-04-13 18:03:48,0,0,18.05
-0.7275628083426247,-0.37230005225214313,0.0,0.0,25.0,0,-0.6760129987078455,2024-04-13 18:03:48,0,0,18.05
-0.7225277716066896,0.1718029902625147,0.0,0.0,25.0,0,-0.6760129987078455,2024-04-13 18:03:48,0,0,18.05
-0.7174927348707544,-0.21375314503472329,0.0,0.0,25.0,0,0.6415282592038111,2024-04-13 18:03:48,0,0,18.05
-0.7124576981348193,-0.4385372740077332,0.0,0.0,25.0,0,-0.6760129987078455,2024-04-13 18:03:48,0,0,18.05
-0.7074226613988842,0.36473823930498994,0.0,0.0,25.0,0,0.6415282592038111,2024-04-13 18:03:49,0,0,18.05
-0.702387624662949,0.2649427899606593,0.0,0.0,25.0,0,0.6415282592038111,2024-04-13 18:03:49,0,0,18.05
-0.6973525879270139,-0.26206186405335163,0.0,0.0,25.0,0,-0.6760129987078455,2024-04-13 18:03:49,0,0,18.05
-0.6923175511910789,0.33530111138647073,0.0,0.0,25.0,0,0.6415282592038111,2024-04-13 18:03:49,0,0,18.05
-0.6872825144551437,0.2825127226428801,0.0,0.0,25.0,0,0.6415282592038111,2024-04-13 18:03:49,0,0,18.05
-0.6822474777192086,-0.3831995995325036,0.0,0.0,25.0,0,-0.6760129987078455,2024-04-13 18:03:49,0,0,18.05
-0.6772124409832735,-0.4283155714883861,0.0,0.0,25.0,0,-0.6760129987078455,2024-04-13 18:03:49,0,0,18.05
-0.6721774042473383,0.3608627355626724,0.0,0.0,25.0,0,0.6415282592038111,2024-04-13 18:03:49,0,0,18.05
-0.6671423675114032,-0.4220577872454033,0.0,0.0,25.0,0,-0.6760129987078455,2024-04-13 18:03:49,0,0,18.05
-0.6621073307754681,-0.4448638251105285,0.0,0.0,25.0,0,-0.638374319671534,2024-04-13 18:03:49,0,0,18.05
-0.6570722940395329,0.18923538922510835,0.0,0.0,25.0,0,0.6038895801674996,2024-04-13 18:03:49,0,0,18.05
-0.6520372573035979,-0.3534382849891499,0.0,0.0,25.0,0,-0.6760129987078455,2024-04-13 18:03:49,0,0,18.05
-0.6470022205676628,-0.4265423688889237,0.0,0.0,25.0,0,-0.6760129987078455,2024-04-13 18:03:49,0,0,18.05
-0.6419671838317276,-0.3739062496206321,0.0,0.0,25.0,0,-0.6760129987078455,2024-04-13 18:03:49,0,0,18.05
-0.6369321470957925,0.30874236774297914,0.0,0.0,25.0,0,0.6415282592038111,2024-04-13 18:03:49,0,0,18.05
-0.6318971103598574,-0.41727849048840054,0.0,0.0,25.0,0,-0.6760129987078455,2024-04-13 18:03:49,0,0,18.05
-0.6268620736239222,-0.38239404488897905,0.0,0.0,25.0,0,-0.6760129987078455,2024-04-13 18:03:49,0,0,18.05
-0.6218270368879871,-0.40024395692901005,0.0,0.0,25.0,0,-0.6760129987078455,2024-04-13 18:03:49,0,0,18.05
-0.616792000152052,-0.4378348696539294,0.0,0.0,25.0,0,-0.6760129987078455,2024-04-13 18:03:49,0,0,18.05
-0.611756963416117,0.294198176892531,0.0,0.0,25.0,0,0.6415282592038111,2024-04-13 18:03:50,0,0,18.05
-0.6067219266801818,0.3438871450259785,0.0,0.0,25.0,0,0.6415282592038111,2024-04-13 18:03:50,0,0,18.05
-0.6016868899442467,0.30698881281774887,0.0,0.0,25.0,0,0.6415282592038111,2024-04-13 18:03:50,0,0,18.05
-0.5966518532083116,-0.39825954183155005,0.0,0.0,25.0,0,-0.6760129987078455,2024-04-13 18:03:50,0,0,18.05
-0.5916168164723764,-0.4209427817327223,0.0,0.0,25.0,0,-0.6760129987078455,2024-04-13 18:03:50,0,0,18.05
-0.5865817797364413,0.3069495174692846,0.0,0.0,25.0,0,0.6415282592038111,2024-04-13 18:03:50,0,0,18.05
-0.5815467430005062,-0.38134780623611064,0.0,0.0,25.0,0,-0.6760129987078455,2024-04-13 18:03:50,0,0,18.05
-0.576511706264571,0.3478461513837847,0.0,0.0,25.0,0,0.6415282592038111,2024-04-13 18:03:50,0,0,18.05
-0.571476669528636,-0.44485891319197046,0.0,0.0,25.0,0,-0.6747219848386485,2024-04-13 18:03:50,0,0,18.05
-0.5664416327927009,-0.27553525665814105,0.0,0.0,25.0,0,-0.6773040125770423,2024-04-13 18:03:50,0,0,18.05
-0.5614065960567657,0.11293855826258861,0.0,0.0,25.0,0,0.6415282592038111,2024-04-13 18:03:50,0,0,18.05
-0.5563715593208306,-0.20046149341658331,0.0,0.0,25.0,0,-0.6760129987078455,2024-04-13 18:03:50,0,0,18.05
-0.5513365225848955,-0.40167823714796785,0.0,0.0,25.0,0,-0.6760129987078455,2024-04-13 18:03:50,0,0,18.05
-0.5463014858489603,0.45991648520473494,0.0,0.0,25.0,0,0.6415282592038111,2024-04-13 18:03:50,0,0,18.05
-0.5412664491130252,1.6600750180096084,0.0,0.0,25.0,0,-1.909113378527592,2024-04-13 18:03:50,0,0,18.05
-0.5362314123770902,-0.42792752992229893,0.0,0.0,25.0,0,3.0835693817060514,2024-04-13 18:03:51,0,0,18.05
-0.531196375641155,-0.44485891319197046,0.0,0.0,25.0,0,1.729422255853441,2024-04-13 18:03:51,0,0,18.05
-0.5261613389052199,-0.0014256415249804001,0.0,0.0,25.0,0,-1.6553064801283126,2024-04-13 18:03:51,0,0,18.05
-0.5211263021692848,-0.04672826638607047,0.0,0.0,25.0,0,0.6415282592038111,2024-04-13 18:03:51,0,0,18.05
-0.5160912654333497,-0.398750733687356,0.0,0.0,25.0,0,-0.6760129987078455,2024-04-13 18:03:51,0,0,18.05
-0.5110562286974145,-0.4444757835444415,0.0,0.0,25.0,0,-0.20774137642445564,2024-04-13 18:03:51,0,0,18.05
-0.5060211919614794,-0.3993892830999051,0.0,0.0,25.0,0,-1.1442846209912352,2024-04-13 18:03:51,0,0,18.05
-0.5009861552255443,-0.4266946383642229,0.0,0.0,25.0,0,-0.6760129987078455,2024-04-13 18:03:51,0,0,18.05
-0.49595111848960916,-0.43085503338290876,0.0,0.0,25.0,0,-0.6760129987078455,2024-04-13 18:03:51,0,0,18.05
-0.49091608175367407,0.46682755461594105,0.0,0.0,25.0,0,0.6415282592038111,2024-04-13 18:03:51,0,0,18.05
-0.48588104501773893,0.5268315517213384,0.0,0.0,25.0,0,0.6415282592038111,2024-04-13 18:03:51,0,0,18.05
-0.48084600828180385,0.14390820477122807,0.0,0.0,25.0,0,0.6415282592038111,2024-04-13 18:03:51,0,0,18.05
-0.4758109715458687,0.27672157066291303,0.0,0.0,25.0,0,0.6415282592038111,2024-04-13 18:03:51,0,0,18.05
-0.47077593480993357,-0.37168115051382605,0.0,0.0,25.0,0,-0.6760129987078455,2024-04-13 18:03:51,0,0,18.05
-0.4657408980739985,-0.3970020906806838,0.0,0.0,25.0,0,-0.6760129987078455,2024-04-13 18:03:51,0,0,18.05
-0.46070586133806335,-0.028907825857389772,0.0,0.0,25.0,0,-0.6760129987078455,2024-04-13 18:03:51,0,0,18.05
-0.4556708246021282,-0.004328585392802022,0.0,0.0,25.0,0,0.6415282592038111,2024-04-13 18:03:51,0,0,18.05
-0.4506357878661931,0.34339104125161446,0.0,0.0,25.0,0,0.6416128982873518,2024-04-13 18:03:51,0,0,18.05
-0.445600751130258,0.2804595406856052,0.0,0.0,25.0,0,0.6415282592038111,2024-04-13 18:03:52,0,0,18.05
-0.44056571439432285,-0.20175823991591382,0.0,0.0,25.0,0,-0.6760129987078455,2024-04-13 18:03:52,0,0,18.05
-0.43553067765838777,-0.20853668752605087,0.0,0.0,25.0,0,-0.6760129987078455,2024-04-13 18:03:52,0,0,18.05
-0.4304956409224526,0.02808025325335314,0.0,0.0,25.0,0,0.6415282592038111,2024-04-13 18:03:52,0,0,18.05
-0.42546060418651754,0.5206769177680745,0.0,0.0,25.0,0,0.6415282592038111,2024-04-13 18:03:52,0,0,18.05
-0.4204255674505824,0.13512078247083878,0.0,0.0,25.0,0,0.6415282592038111,2024-04-13 18:03:52,0,0,18.05
-0.41539053071464727,0.37292149562273624,0.0,0.0,25.0,0,0.6415282592038111,2024-04-13 18:03:52,0,0,18.05
-0.4103554939787122,-0.3546711765472259,0.0,0.0,25.0,0,-0.6760129987078455,2024-04-13 18:03:52,0,0,18.05
-0.40532045724277704,0.48779653494034764,0.0,0.0,25.0,0,0.6422889395748731,2024-04-13 18:03:52,0,0,18.05
-0.4002854205068419,0.07130022464582034,0.0,0.0,25.0,0,0.6415282592038111,2024-04-13 18:03:52,0,0,18.05
-0.3952503837709068,-0.428418721778107,0.0,0.0,25.0,0,-0.6760129987078455,2024-04-13 18:03:52,0,0,18.05
-0.3902153470349717,-0.2734526031895202,0.0,0.0,25.0,0,-0.6760129987078455,2024-04-13 18:03:52,0,0,18.05
-0.3851803102990366,0.2786224831448883,0.0,0.0,25.0,0,0.6415282592038111,2024-04-13 18:03:52,0,0,18.05
-0.38014527356310146,-0.37516370077149835,0.0,0.0,25.0,0,-0.6760129987078455,2024-04-13 18:03:52,0,0,18.05
-0.3751102368271663,-0.36995215518138597,0.0,0.0,25.0,0,-0.6760129987078455,2024-04-13 18:03:52,0,0,18.05
-0.37007520009123124,-0.4446378768568567,0.0,0.0,25.0,0,-0.1689970323980934,2024-04-13 18:03:52,0,0,18.05
-0.3650401633552961,0.3248289010206616,0.0,0.0,25.0,0,0.13451229289405903,2024-04-13 18:03:53,0,0,18.05
-0.36000512661936096,0.4788961385131233,0.0,0.0,25.0,0,0.6415282592038111,2024-04-13 18:03:53,0,0,18.05
-0.3549700898834259,-0.3492877138075802,0.0,0.0,25.0,0,-0.6760129987078455,2024-04-13 18:03:53,0,0,18.05
-0.34993505314749074,0.060754335501640715,0.0,0.0,25.0,0,0.6415282592038111,2024-04-13 18:03:53,0,0,18.05
-0.3449000164115556,-0.3801296504337087,0.0,0.0,25.0,0,-0.6760129987078455,2024-04-13 18:03:53,0,0,18.05
-0.3398649796756205,-0.39811709619336483,0.0,0.0,25.0,0,-0.6760129987078455,2024-04-13 18:03:53,0,0,18.05
-0.3348299429396854,0.2783523276241941,0.0,0.0,25.0,0,0.6415282592038111,2024-04-13 18:03:53,0,0,18.05
-0.3297949062037503,-0.42147326893699455,0.0,0.0,25.0,0,-0.6760129987078455,2024-04-13 18:03:53,0,0,18.05
-0.32475986946781515,-0.34315272752854836,0.0,0.0,25.0,0,-0.6760129987078455,2024-04-13 18:03:53,0,0,18.05
-0.31972483273188,0.3142584522836939,0.0,0.0,25.0,0,0.6415282592038111,2024-04-13 18:03:53,0,0,18.05
-0.31468979599594493,-0.3660766514390666,0.0,0.0,25.0,0,-0.6760129987078455,2024-04-13 18:03:53,0,0,18.05
-0.3096547592600098,0.3627587361260879,0.0,0.0,25.0,0,0.6415282592038111,2024-04-13 18:03:53,0,0,18.05
-0.30461972252407465,0.2634397428818889,0.0,0.0,25.0,0,0.6415282592038111,2024-04-13 18:03:53,0,0,18.05
-0.29958468578813957,-0.39651089882487583,0.0,0.0,25.0,0,-0.6760129987078455,2024-04-13 18:03:53,0,0,18.05
-0.29454964905220443,-0.34281871706659967,0.0,0.0,25.0,0,-0.6760129987078455,2024-04-13 18:03:53,0,0,18.05
-0.2895146123162693,0.36927194013409076,0.0,0.0,25.0,0,0.6415282592038111,2024-04-13 18:03:53,0,0,18.05
-0.2844795755803342,-0.4201224913335236,0.0,0.0,25.0,0,-0.6760129987078455,2024-04-13 18:03:53,0,0,18.05
-0.27944453884439907,-0.43301627754846034,0.0,0.0,25.0,0,-0.6760129987078455,2024-04-13 18:03:53,0,0,18.05
-0.274409502108464,0.34562105227697876,0.0,0.0,25.0,0,0.6415282592038111,2024-04-13 18:03:54,0,0,18.05
-0.26937446537252885,0.22730275805015948,0.0,0.0,25.0,0,0.6415282592038111,2024-04-13 18:03:54,0,0,18.05
-0.2643394286365937,0.047855637368145874,0.0,0.0,25.0,0,-0.6760129987078455,2024-04-13 18:03:54,0,0,18.05
-0.2593043919006586,-0.12478847611093861,0.0,0.0,25.0,0,0.6415282592038111,2024-04-13 18:03:54,0,0,18.05
-0.2542693551647235,-0.3900173424911051,0.0,0.0,25.0,0,-0.6760129987078455,2024-04-13 18:03:54,0,0,18.05
-0.24923431842878838,-0.3756794522200965,0.0,0.0,25.0,0,-0.6760129987078455,2024-04-13 18:03:54,0,0,18.05
-0.24419928169285327,0.30933670988850576,0.0,0.0,25.0,0,0.6415282592038111,2024-04-13 18:03:54,0,0,18.05
-0.23916424495691813,-0.34871301933628546,0.0,0.0,25.0,0,-0.6760129987078455,2024-04-13 18:03:54,0,0,18.05
-0.23412920822098301,-0.04157566381865455,0.0,0.0,25.0,0,-0.6760129987078455,2024-04-13 18:03:54,0,0,18.05
-0.2290941714850479,0.00012161282081215502,0.0,0.0,25.0,0,0.6415282592038111,2024-04-13 18:03:54,0,0,18.05
-0.22405913474911276,-0.44485891319197046,0.0,0.0,25.0,0,0.16237462209101658,2024-04-13 18:03:54,0,0,18.05
-0.21902409801317765,0.42359775938635796,0.0,0.0,25.0,0,-0.19685936159505096,2024-04-13 18:03:54,0,0,18.05
-0.21398906127724254,0.3155355511087921,0.0,0.0,25.0,0,0.6415282592038111,2024-04-13 18:03:54,0,0,18.05
-0.20895402454130743,0.2949398765947989,0.0,0.0,25.0,0,0.6415282592038111,2024-04-13 18:03:54,0,0,18.05
-0.2039189878053723,0.5668047449469212,0.0,0.0,25.0,0,0.6415282592038111,2024-04-13 18:03:54,0,0,18.05
-0.19888395106943718,0.2218407046135852,0.0,0.0,25.0,0,0.6415282592038111,2024-04-13 18:03:55,0,0,18.05
-0.19384891433350207,-0.41171328676210733,0.0,0.0,25.0,0,-0.6760129987078455,2024-04-13 18:03:55,0,0,18.05
-0.18881387759756696,-0.21329633660882152,0.0,0.0,25.0,0,-0.6760129987078455,2024-04-13 18:03:55,0,0,18.05
-0.18377884086163182,0.044849543210607475,0.0,0.0,25.0,0,0.6415282592038111,2024-04-13 18:03:55,0,0,18.05
-0.1787438041256967,-0.35546690735363445,0.0,0.0,25.0,0,-0.6760129987078455,2024-04-13 18:03:55,0,0,18.05
-0.1737087673897616,-0.40503798944168706,0.0,0.0,25.0,0,-0.6760129987078455,2024-04-13 18:03:55,0,0,18.05
-0.16867373065382646,0.298869411441257,0.0,0.0,25.0,0,0.6415282592038111,2024-04-13 18:03:55,0,0,18.05
-0.16363869391789135,-0.4162420756726481,0.0,0.0,25.0,0,-0.6760129987078455,2024-04-13 18:03:55,0,0,18.05
-0.15860365718195624,-0.4171507806058914,0.0,0.0,25.0,0,-0.6760129987078455,2024-04-13 18:03:55,0,0,18.05
-0.15356862044602113,0.251994972641584,0.0,0.0,25.0,0,0.6415282592038111,2024-04-13 18:03:55,0,0,18.05
-0.148533583710086,-0.39984609152580686,0.0,0.0,25.0,0,-0.6760129987078455,2024-04-13 18:03:55,0,0,18.05
-0.14349854697415088,-0.39600988313195373,0.0,0.0,25.0,0,-0.6760129987078455,2024-04-13 18:03:55,0,0,18.05
-0.13846351023821576,-0.3458886661653946,0.0,0.0,25.0,0,-0.6760129987078455,2024-04-13 18:03:55,0,0,18.05
-0.13342847350228065,0.4452691440645682,0.0,0.0,25.0,0,-0.6760129987078455,2024-04-13 18:03:55,0,0,18.05
-0.12839343676634551,0.19060581450281136,0.0,0.0,25.0,0,1.9590695171154675,2024-04-13 18:03:55,0,0,18.05
-0.1233584000304104,-0.4035300304443588,0.0,0.0,25.0,0,-0.6760129987078455,2024-04-13 18:03:55,0,0,18.05
-0.11832336329447529,-0.4321075726152169,0.0,0.0,25.0,0,-0.6760129987078455,2024-04-13 18:03:55,0,0,18.05
-0.11328832655854017,0.22356969994602513,0.0,0.0,25.0,0,0.6415282592038111,2024-04-13 18:03:55,0,0,18.05
-0.10825328982260506,-0.2541929705233216,0.0,0.0,25.0,0,-0.6760129987078455,2024-04-13 18:03:55,0,0,18.05
-0.10321825308666993,0.39479918088038596,0.0,0.0,25.0,0,0.6415282592038111,2024-04-13 18:03:56,0,0,18.05
-0.0981832163507348,-0.42949443194232373,0.0,0.0,25.0,0,-0.6760129987078455,2024-04-13 18:03:56,0,0,18.05
-0.0931481796147997,-0.44424492337221155,0.0,0.0,25.0,0,-0.5485647523692128,2024-04-13 18:03:56,0,0,18.05
-0.08811314287886457,0.4462613516132983,0.0,0.0,25.0,0,0.5140639421531137,2024-04-13 18:03:56,0,0,18.05
-0.08307810614292946,0.09002937010774648,0.0,0.0,25.0,0,0.6415282592038111,2024-04-13 18:03:56,0,0,18.05
-0.07804306940699433,-0.16413294376108808,0.0,0.0,25.0,0,-0.6760129987078455,2024-04-13 18:03:56,0,0,18.05
-0.07300803267105922,0.3709960235479726,0.0,0.0,25.0,0,0.6415282592038111,2024-04-13 18:03:56,0,0,18.05
-0.0679729959351241,0.28587738685515934,0.0,0.0,25.0,0,0.6415282592038111,2024-04-13 18:03:56,0,0,18.05
-0.06293795919918899,0.3180701010847568,0.0,0.0,25.0,0,0.6391251520597375,2024-04-13 18:03:56,0,0,18.05
-0.05790292246325386,-0.388779539014473,0.0,0.0,25.0,0,-0.6760129987078455,2024-04-13 18:03:56,0,0,18.05
-0.05286788572731874,-0.4109961466526274,0.0,0.0,25.0,0,-0.6760129987078455,2024-04-13 18:03:56,0,0,18.05
-0.047832848991383625,-0.38930020238162727,0.0,0.0,25.0,0,-0.6760129987078455,2024-04-13 18:03:56,0,0,18.05
-0.04279781225544851,0.28258148950269246,0.0,0.0,25.0,0,0.6415282592038111,2024-04-13 18:03:56,0,0,18.05
-0.03776277551951339,0.5639558321832402,0.0,0.0,25.0,0,0.6424646460267804,2024-04-13 18:03:56,0,0,18.05
-0.03272773878357827,0.06974314646291177,0.0,0.0,25.0,0,0.6415282592038111,2024-04-13 18:03:56,0,0,18.05
-0.027692702047643153,-0.38495315445773387,0.0,0.0,25.0,0,-0.6760129987078455,2024-04-13 18:03:56,0,0,18.05
-0.022657665311708035,-0.3756401568716322,0.0,0.0,25.0,0,-0.6760129987078455,2024-04-13 18:03:57,0,0,18.05
-0.017622628575772917,0.269083537305113,0.0,0.0,25.0,0,0.6415282592038111,2024-04-13 18:03:57,0,0,18.05
-0.012587591839837797,-0.3690483621667008,0.0,0.0,25.0,0,-0.6760129987078455,2024-04-13 18:03:57,0,0,18.05
-0.007552555103902678,-0.4202010820304543,0.0,0.0,25.0,0,-0.6760129987078455,2024-04-13 18:03:57,0,0,18.05
-0.0025175183679675595,0.28364737582979305,0.0,0.0,25.0,0,0.6415282592038111,2024-04-13 18:03:57,0,0,18.05
0.0025175183679675595,-0.39419738518402503,0.0,0.0,25.0,0,-0.6760129987078455,2024-04-13 18:03:57,0,0,18.05
0.007552555103902678,0.3164442560420356,0.0,0.0,25.0,0,0.6415282592038111,2024-04-13 18:03:57,0,0,18.05
0.012587591839837797,-0.3836171126099391,0.0,0.0,25.0,0,-0.6760129987078455,2024-04-13 18:03:57,0,0,18.05
0.017622628575772917,-0.3732824359637571,0.0,0.0,25.0,0,-0.6760129987078455,2024-04-13 18:03:57,0,0,18.05
0.022657665311708035,-0.4278685868996025,0.0,0.0,25.0,0,-0.6760129987078455,2024-04-13 18:03:57,0,0,18.05
0.027692702047643153,0.32670525390984506,0.0,0.0,25.0,0,0.6415282592038111,2024-04-13 18:03:57,0,0,18.05
0.03272773878357827,-0.38079275943904817,0.0,0.0,25.0,0,-0.6760129987078455,2024-04-13 18:03:57,0,0,18.05
0.03776277551951339,0.2765250939205913,0.0,0.0,25.0,0,0.6415282592038111,2024-04-13 18:03:57,0,0,18.05
0.04279781225544851,0.38177277286438244,0.0,0.0,25.0,0,0.6415282592038111,2024-04-13 18:03:57,0,0,18.05
0.047832848991383625,-0.4293077790371162,0.0,0.0,25.0,0,-0.6760129987078455,2024-04-13 18:03:57,0,0,18.05
0.05286788572731874,0.3008538265387169,0.0,0.0,25.0,0,0.6415282592038111,2024-04-13 18:03:57,0,0,18.05
0.05790292246325386,-0.36635171887831885,0.0,0.0,25.0,0,-0.6760129987078455,2024-04-13 18:03:57,0,0,18.05
0.06293795919918899,-0.16615174228845447,0.0,0.0,25.0,0,-0.6760129987078455,2024-04-13 18:03:57,0,0,18.05
0.0679729959351241,0.09762810811708227,0.0,0.0,25.0,0,0.6415282592038111,2024-04-13 18:03:58,0,0,18.05
0.07300803267105922,0.336308054690875,0.0,0.0,25.0,0,0.6415282592038111,2024-04-13 18:03:58,0,0,18.05
0.07804306940699433,-0.3560072183950207,0.0,0.0,25.0,0,-0.6760129987078455,2024-04-13 18:03:58,0,0,18.05
0.08307810614292946,0.19157837437730943,0.0,0.0,25.0,0,0.6415282592038111,2024-04-13 18:03:58,0,0,18.05
0.08811314287886457,-0.4151761893455475,0.0,0.0,25.0,0,-0.6760129987078455,2024-04-13 18:03:58,0,0,18.05
0.0931481796147997,-0.3681396572334573,0.0,0.0,25.0,0,-0.6760129987078455,2024-04-13 18:03:58,0,0,18.05
0.0981832163507348,-0.24353901917086718,0.0,0.0,25.0,0,-0.6760129987078455,2024-04-13 18:03:58,0,0,18.05
0.10321825308666993,0.1521454921931131,0.0,0.0,25.0,0,0.6415282592038111,2024-04-13 18:03:58,0,0,18.05
0.10825328982260506,-0.3687978543202387,0.0,0.0,25.0,0,-0.6760129987078455,2024-04-13 18:03:58,0,0,18.05
0.11328832655854017,-0.21145927906810263,0.0,0.0,25.0,0,-0.6760129987078455,2024-04-13 18:03:58,0,0,18.05
0.11832336329447529,0.06771452409842925,0.0,0.0,25.0,0,0.6415282592038111,2024-04-13 18:03:58,0,0,18.05
0.1233584000304104,-0.4014326412200637,0.0,0.0,25.0,0,-0.6760129987078455,2024-04-13 18:03:58,0,0,18.05
0.12839343676634551,0.3260274091488315,0.0,0.0,25.0,0,0.6415282592038111,2024-04-13 18:03:58,0,0,18.05
0.13342847350228065,-0.36939710838432355,0.0,0.0,25.0,0,-0.6760129987078455,2024-04-13 18:03:58,0,0,18.05
0.13846351023821576,-0.40590248710790805,0.0,0.0,25.0,0,-0.6760129987078455,2024-04-13 18:03:58,0,0,18.05
0.14349854697415088,0.22896789844134702,0.0,0.0,25.0,0,0.6415282592038111,2024-04-13 18:03:58,0,0,18.05
0.148533583710086,-0.4004207859971016,0.0,0.0,25.0,0,-0.6760129987078455,2024-04-13 18:03:58,0,0,18.05
0.15356862044602113,-0.4204122945284499,0.0,0.0,25.0,0,-0.6760129987078455,2024-04-13 18:03:58,0,0,18.05
0.15860365718195624,-0.3891724924991181,0.0,0.0,25.0,0,-0.6760129987078455,2024-04-13 18:03:59,0,0,18.05
0.16363869391789135,0.27697207850937494,0.0,0.0,25.0,0,0.6415282592038111,2024-04-13 18:03:59,0,0,18.05
0.16867373065382646,-0.38960474133222767,0.0,0.0,25.0,0,-0.6760129987078455,2024-04-13 18:03:59,0,0,18.05
0.1737087673897616,0.41432896906727656,0.0,0.0,25.0,0,0.6415282592038111,2024-04-13 18:03:59,0,0,18.05
0.1787438041256967,0.3279627050607113,0.0,0.0,25.0,0,0.6415282592038111,2024-04-13 18:03:59,0,0,18.05
0.18377884086163182,-0.3897324512147388,0.0,0.0,25.0,0,-0.6760129987078455,2024-04-13 18:03:59,0,0,18.05
0.18881387759756696,0.28364737582979305,0.0,0.0,25.0,0,0.6415282592038111,2024-04-13 18:03:59,0,0,18.05
0.19384891433350207,-0.35316321754989766,0.0,0.0,25.0,0,-0.6760129987078455,2024-04-13 18:03:59,0,0,18.05
0.19888395106943718,0.357984351287643,0.0,0.0,25.0,0,0.6415282592038111,2024-04-13 18:03:59,0,0,18.05
0.2039189878053723,-0.3856948541600039,0.0,0.0,25.0,0,-0.6760129987078455,2024-04-13 18:03:59,0,0,18.05
0.20895402454130743,0.25744229032248434,0.0,0.0,25.0,0,0.6415282592038111,2024-04-13 18:03:59,0,0,18.05
0.21398906127724254,-0.38588150706520946,0.0,0.0,25.0,0,-0.6760129987078455,2024-04-13 18:03:59,0,0,18.05
0.21902409801317765,-0.40548988594903074,0.0,0.0,25.0,0,-0.6760129987078455,2024-04-13 18:03:59,0,0,18.05
0.22405913474911276,0.2821492406695831,0.0,0.0,25.0,0,0.6415282592038111,2024-04-13 18:03:59,0,0,18.05
0.2290941714850479,-0.31711464725221494,0.0,0.0,25.0,0,-0.6760129987078455,2024-04-13 18:03:59,0,0,18.05
0.23412920822098301,0.3239693152730008,0.0,0.0,25.0,0,0.6415282592038111,2024-04-13 18:03:59,0,0,18.05
0.23916424495691813,-0.37860695568070635,0.0,0.0,25.0,0,-0.6760129987078455,2024-04-13 18:03:59,0,0,18.05
0.24419928169285327,0.30929741454004145,0.0,0.0,25.0,0,0.6415282592038111,2024-04-13 18:04:00,0,0,18.066666666666666
0.24923431842878838,0.5186384715664761,0.0,0.0,25.0,0,0.6415282592038111,2024-04-13 18:04:00,0,0,18.066666666666666
0.2542693551647235,-0.3588315715659116,0.0,0.0,25.0,0,-0.6760129987078455,2024-04-13 18:04:00,0,0,18.066666666666666
0.2593043919006586,0.26205949376707177,0.0,0.0,25.0,0,0.6415282592038111,2024-04-13 18:04:00,0,0,18.066666666666666
0.2643394286365937,0.3123231563718142,0.0,0.0,25.0,0,0.6415282592038111,2024-04-13 18:04:00,0,0,18.066666666666666
0.26937446537252885,0.4926789819870692,0.0,0.0,25.0,0,0.6415282592038111,2024-04-13 18:04:00,0,0,18.066666666666666
0.274409502108464,0.11088046438675794,0.0,0.0,25.0,0,0.6415282592038111,2024-04-13 18:04:00,0,0,18.066666666666666
0.27944453884439907,-0.39216385090098244,0.0,0.0,25.0,0,-0.6745784198108706,2024-04-13 18:04:00,0,0,18.066666666666666
0.2844795755803342,-0.3807681998462579,0.0,0.0,25.0,0,-0.6760129987078455,2024-04-13 18:04:00,0,0,18.066666666666666
0.2895146123162693,0.2898511289686375,0.0,0.0,25.0,0,0.6415282592038111,2024-04-13 18:04:00,0,0,18.066666666666666
0.29454964905220443,-0.20765254218559762,0.0,0.0,25.0,0,-0.6760129987078455,2024-04-13 18:04:00,0,0,18.066666666666666
0.29958468578813957,-0.3931904418796209,0.0,0.0,25.0,0,-0.6760129987078455,2024-04-13 18:04:00,0,0,18.066666666666666
0.30461972252407465,0.09252462473524663,0.0,0.0,25.0,0,0.6415282592038111,2024-04-13 18:04:00,0,0,18.066666666666666
0.3096547592600098,-0.3751489650158243,0.0,0.0,25.0,0,-0.6760129987078455,2024-04-13 18:04:00,0,0,18.066666666666666
0.31468979599594493,-0.4200782840665012,0.0,0.0,25.0,0,-0.6760129987078455,2024-04-13 18:04:00,0,0,18.066666666666666
0.31972483273188,0.39343857943980115,0.0,0.0,25.0,0,0.6415282592038111,2024-04-13 18:04:00,0,0,18.066666666666666
0.32475986946781515,0.5918358819188526,0.0,0.0,25.0,0,0.6415282592038111,2024-04-13 18:04:01,0,0,18.066666666666666
0.3297949062037503,0.05010529606774418,0.0,0.0,25.0,0,0.6415282592038111,2024-04-13 18:04:01,0,0,18.066666666666666
0.3348299429396854,-0.37640641616669046,0.0,0.0,25.0,0,-0.6760129987078455,2024-04-13 18:04:01,0,0,18.066666666666666
0.3398649796756205,-0.3615233029357356,0.0,0.0,25.0,0,-0.6760129987078455,2024-04-13 18:04:01,0,0,18.066666666666666
0.3449000164115556,0.32633194809943195,0.0,0.0,25.0,0,0.6415282592038111,2024-04-13 18:04:01,0,0,18.066666666666666
0.34993505314749074,0.41249682344511573,0.0,0.0,25.0,0,0.6415282592038111,2024-04-13 18:04:01,0,0,18.066666666666666
0.3549700898834259,0.2971600637830468,0.0,0.0,25.0,0,0.6415282592038111,2024-04-13 18:04:01,0,0,18.066666666666666
0.36000512661936096,0.43404541015937503,0.0,0.0,25.0,0,0.6415282592038111,2024-04-13 18:04:01,0,0,18.066666666666666
0.3650401633552961,0.3235518021955634,0.0,0.0,25.0,0,0.6415282592038111,2024-04-13 18:04:01,0,0,18.066666666666666
0.37007520009123124,-0.3761313487274382,0.0,0.0,25.0,0,-0.6760129987078455,2024-04-13 18:04:01,0,0,18.066666666666666
0.3751102368271663,0.3191016039819512,0.0,0.0,25.0,0,0.6415282592038111,2024-04-13 18:04:01,0,0,18.066666666666666
0.38014527356310146,-0.3871536939717497,0.0,0.0,25.0,0,-0.6760129987078455,2024-04-13 18:04:01,0,0,18.066666666666666
0.3851803102990366,0.3601848908016589,0.0,0.0,25.0,0,0.6415282592038111,2024-04-13 18:04:01,0,0,18.066666666666666
0.3902153470349717,-0.42492143576476066,0.0,0.0,25.0,0,-0.6760129987078455,2024-04-13 18:04:01,0,0,18.066666666666666
0.3952503837709068,0.324254206549369,0.0,0.0,25.0,0,0.6415282592038111,2024-04-13 18:04:01,0,0,18.066666666666666
0.4002854205068419,-0.3558598608382796,0.0,0.0,25.0,0,-0.6760129987078455,2024-04-13 18:04:02,0,0,18.066666666666666
0.40532045724277704,0.33441205412745956,0.0,0.0,25.0,0,0.6415282592038111,2024-04-13 18:04:02,0,0,18.066666666666666
0.4103554939787122,-0.3912158506192747,0.0,0.0,25.0,0,-0.6760129987078455,2024-04-13 18:04:02,0,0,18.066666666666666
0.41539053071464727,0.3387394543771208,0.0,0.0,25.0,0,0.6415282592038111,2024-04-13 18:04:02,0,0,18.066666666666666
0.4204255674505824,0.352085137099399,0.0,0.0,25.0,0,0.6415282592038111,2024-04-13 18:04:02,0,0,18.066666666666666
0.42546060418651754,-0.44485891319197046,0.0,0.0,25.0,0,-0.6501637940421916,2024-04-13 18:04:02,0,0,18.066666666666666
0.4304956409224526,-0.3834894027274301,0.0,0.0,25.0,0,-0.7018622033734994,2024-04-13 18:04:02,0,0,18.066666666666666
0.43553067765838777,0.285852827262369,0.0,0.0,25.0,0,0.6415282592038111,2024-04-13 18:04:02,0,0,18.066666666666666
0.44056571439432285,-0.3960540903989761,0.0,0.0,25.0,0,-0.6760129987078455,2024-04-13 18:04:02,0,0,18.066666666666666
0.445600751130258,0.29707656116756015,0.0,0.0,25.0,0,0.6415282592038111,2024-04-13 18:04:02,0,0,18.066666666666666
0.4506357878661931,-0.36799229967671404,0.0,0.0,25.0,0,-0.6760129987078455,2024-04-13 18:04:02,0,0,18.066666666666666
0.4556708246021282,0.3259046111848806,0.0,0.0,25.0,0,0.6415282592038111,2024-04-13 18:04:02,0,0,18.066666666666666
0.46070586133806335,-0.26199800911209714,0.0,0.0,25.0,0,-0.6768101060262541,2024-04-13 18:04:02,0,0,18.066666666666666
0.4657408980739985,0.11019770770718634,0.0,0.0,25.0,0,0.6423253665222197,2024-04-13 18:04:02,0,0,18.066666666666666
0.47077593480993357,-0.38977174656320307,0.0,0.0,25.0,0,-0.6759819286645203,2024-04-13 18:04:02,0,0,18.066666666666666
0.4758109715458687,-0.054931170378051154,0.0,0.0,25.0,0,-0.6760129987078455,2024-04-13 18:04:02,0,0,18.066666666666666
0.48084600828180385,0.11333151174723573,0.0,0.0,25.0,0,0.6415282592038111,2024-04-13 18:04:02,0,0,18.066666666666666
0.48588104501773893,0.4293496160178587,0.0,0.0,25.0,0,0.6415282592038111,2024-04-13 18:04:03,0,0,18.066666666666666
0.49091608175367407,0.13867209958832366,0.0,0.0,25.0,0,0.6415282592038111,2024-04-13 18:04:03,0,0,18.066666666666666
0.49595111848960916,-0.2166757365767749,0.0,0.0,25.0,0,-0.6760129987078455,2024-04-13 18:04:03,0,0,18.066666666666666
0.5009861552255443,0.33743779595923223,0.0,0.0,25.0,0,0.6415282592038111,2024-04-13 18:04:03,0,0,18.066666666666666
0.5060211919614794,0.3037960657550029,0.0,0.0,25.0,0,0.6415282592038111,2024-04-13 18:04:03,0,0,18.066666666666666
0.5110562286974145,-0.41193923501577706,0.0,0.0,25.0,0,-0.6760129987078455,2024-04-13 18:04:03,0,0,18.066666666666666
0.5160912654333497,-0.3698883002401295,0.0,0.0,25.0,0,-0.6760129987078455,2024-04-13 18:04:03,0,0,18.066666666666666
0.5211263021692848,0.30173797187917023,0.0,0.0,25.0,0,0.6415282592038111,2024-04-13 18:04:03,0,0,18.066666666666666
0.5261613389052199,0.34442254414880885,0.0,0.0,25.0,0,0.6415282592038111,2024-04-13 18:04:03,0,0,18.066666666666666
0.531196375641155,-0.44434807366193035,0.0,0.0,25.0,0,0.42560431466422655,2024-04-13 18:04:03,0,0,18.066666666666666
0.5362314123770902,-0.4081275862147141,0.0,0.0,25.0,0,-1.7776303120799175,2024-04-13 18:04:03,0,0,18.066666666666666
0.5412664491130252,-0.19800553413754732,0.0,0.0,25.0,0,-0.6760129987078455,2024-04-13 18:04:03,0,0,18.066666666666666
0.5463014858489603,0.10020195344151098,0.0,0.0,25.0,0,0.6415282592038111,2024-04-13 18:04:03,0,0,18.066666666666666
0.5513365225848955,-0.4112368306619734,0.0,0.0,25.0,0,-0.6760129987078455,2024-04-13 18:04:03,0,0,18.066666666666666
0.5563715593208306,0.3858349295119073,0.0,0.0,25.0,0,0.6415282592038111,2024-04-13 18:04:03,0,0,18.066666666666666
0.5614065960567657,-0.3851152477701512,0.0,0.0,25.0,0,-0.6760129987078455,2024-04-13 18:04:03,0,0,18.066666666666666
0.5664416327927009,0.32240241325297614,0.0,0.0,25.0,0,0.6415282592038111,2024-04-13 18:04:04,0,0,18.066666666666666
0.571476669528636,-0.3964077485351569,0.0,0.0,25.0,0,-0.6760129987078455,2024-04-13 18:04:04,0,0,18.066666666666666
0.576511706264571,0.5646385888628116,0.0,0.0,25.0,0,0.6415282592038111,2024-04-13 18:04:04,0,0,18.066666666666666
0.5815467430005062,0.08067707717317844,0.0,0.0,25.0,0,0.6415282592038111,2024-04-13 18:04:04,0,0,18.066666666666666
0.5865817797364413,-0.3725112647501408,0.0,0.0,25.0,0,-0.6760129987078455,2024-04-13 18:04:04,0,0,18.066666666666666
0.5916168164723764,0.37821654382833747,0.0,0.0,25.0,0,0.6415282592038111,2024-04-13 18:04:04,0,0,18.066666666666666
0.5966518532083116,0.2724432895988342,0.0,0.0,25.0,0,0.6415282592038111,2024-04-13 18:04:04,0,0,18.066666666666666
0.6016868899442467,-0.3678351182828569,0.0,0.0,25.0,0,-0.6760129987078455,2024-04-13 18:04:04,0,0,18.066666666666666
0.6067219266801818,-0.2582698629265208,0.0,0.0,25.0,0,-0.6760129987078455,2024-04-13 18:04:04,0,0,18.066666666666666
0.611756963416117,0.048803637649853605,0.0,0.0,25.0,0,0.64029831404046,2024-04-13 18:04:04,0,0,18.066666666666666
0.616792000152052,-0.3923259442133998,0.0,0.0,25.0,0,-0.6760129987078455,2024-04-13 18:04:04,0,0,18.066666666666666
0.6218270368879871,-0.36286425670208844,0.0,0.0,25.0,0,-0.6760129987078455,2024-04-13 18:04:04,0,0,18.066666666666666
0.6268620736239222,-0.44160722310652806,0.0,0.0,25.0,0,-0.6760129987078455,2024-04-13 18:04:04,0,0,18.066666666666666
0.6318971103598574,-0.3984658424109876,0.0,0.0,25.0,0,-0.6760129987078455,2024-04-13 18:04:04,0,0,18.066666666666666
0.6369321470957925,-0.4421671818221466,0.0,0.0,25.0,0,-0.6760129987078455,2024-04-13 18:04:04,0,0,18.066666666666666
0.6419671838317276,0.305903278816414,0.0,0.0,25.0,0,0.6415282592038111,2024-04-13 18:04:04,0,0,18.066666666666666
0.6470022205676628,-0.3809990600184877,0.0,0.0,25.0,0,-0.6760129987078455,2024-04-13 18:04:04,0,0,18.066666666666666
0.6520372573035979,-0.4416858138034568,0.0,0.0,25.0,0,-0.6760129987078455,2024-04-13 18:04:04,0,0,18.066666666666666
0.6570722940395329,-0.44485891319197046,0.0,0.0,25.0,0,-0.6746802009872804,2024-04-13 18:04:04,0,0,18.066666666666666
0.6621073307754681,0.3579745274505268,0.0,0.0,25.0,0,0.640195461483246,2024-04-13 18:04:05,0,0,18.066666666666666
0.6671423675114032,-0.40594178245637247,0.0,0.0,25.0,0,-0.6760129987078455,2024-04-13 18:04:05,0,0,18.066666666666666
0.6721774042473383,0.34903483567483623,0.0,0.0,25.0,0,0.6415282592038111,2024-04-13 18:04:05,0,0,18.066666666666666
0.6772124409832735,0.366840540447845,0.0,0.0,25.0,0,0.6415282592038111,2024-04-13 18:04:05,0,0,18.066666666666666
0.6822474777192086,0.32664631088714846,0.0,0.0,25.0,0,0.6415282592038111,2024-04-13 18:04:05,0,0,18.066666666666666
0.6872825144551437,-0.04862426694948794,0.0,0.0,25.0,0,-0.6760129987078455,2024-04-13 18:04:05,0,0,18.066666666666666
0.6923175511910789,-0.046851064350023536,0.0,0.0,25.0,0,0.6415282592038111,2024-04-13 18:04:05,0,0,18.066666666666666
0.6973525879270139,-0.26854559655000626,0.0,0.0,25.0,0,-0.6760129987078455,2024-04-13 18:04:05,0,0,18.066666666666666
0.702387624662949,0.3413525950500141,0.0,0.0,25.0,0,0.6415282592038111,2024-04-13 18:04:05,0,0,18.066666666666666
0.7074226613988842,1.8929196053364137,0.0,0.0,25.0,0,0.6415282592038111,2024-04-13 18:04:05,0,0,18.066666666666666
0.7124576981348193,-0.37607240570474176,0.0,0.0,25.0,0,1.9590695171154675,2024-04-13 18:04:05,0,0,18.066666666666666
0.7174927348707544,0.2808033749846702,0.0,0.0,25.0,0,0.6415282592038111,2024-04-13 18:04:05,0,0,18.066666666666666
0.7225277716066896,-0.38338134051915107,0.0,0.0,25.0,0,-0.6760129987078455,2024-04-13 18:04:05,0,0,18.066666666666666
0.7275628083426247,-0.36072266021076904,0.0,0.0,25.0,0,-0.6760129987078455,2024-04-13 18:04:05,0,0,18.066666666666666
0.7325978450785597,0.31116885551066686,0.0,0.0,25.0,0,0.6415282592038111,2024-04-13 18:04:06,0,0,18.066666666666666
0.7376328818144948,-0.29932859015343843,0.0,0.0,25.0,0,-0.6760129987078455,2024-04-13 18:04:06,0,0,18.066666666666666
0.74266791855043,0.14027829695681263,0.0,0.0,25.0,0,0.6415282592038111,2024-04-13 18:04:06,0,0,18.066666666666666
0.7477029552863651,-0.31410364117611644,0.0,0.0,25.0,0,-0.6789925087246392,2024-04-13 18:04:06,0,0,18.066666666666666
0.7527379920223002,-0.41021023968333714,0.0,0.0,25.0,0,-0.6760129987078455,2024-04-13 18:04:06,0,0,18.066666666666666
0.7577730287582354,0.3342941680820667,0.0,0.0,25.0,0,0.6415282592038111,2024-04-13 18:04:06,0,0,18.066666666666666
0.7628080654941705,-0.39923210170604784,0.0,0.0,25.0,0,-0.6760129987078455,2024-04-13 18:04:06,0,0,18.066666666666666
0.7678431022301055,0.3581071492515939,0.0,0.0,25.0,0,0.6415282592038111,2024-04-13 18:04:06,0,0,18.066666666666666
0.7728781389660407,-0.43198968656982406,0.0,0.0,25.0,0,-0.6760129987078455,2024-04-13 18:04:06,0,0,18.066666666666666
0.7779131757019758,0.34436360112611253,0.0,0.0,25.0,0,0.6415282592038111,2024-04-13 18:04:06,0,0,18.066666666666666
0.7829482124379109,-0.4446378768568567,0.0,0.0,25.0,0,-0.4008824081603294,2024-04-13 18:04:06,0,0,18.066666666666666
0.7879832491738461,0.3638737416387709,0.0,0.0,25.0,0,0.366397668656295,2024-04-13 18:04:06,0,0,18.066666666666666
0.7930182859097812,0.32571795827967304,0.0,0.0,25.0,0,0.6415282592038111,2024-04-13 18:04:06,0,0,18.066666666666666
0.7980533226457163,-0.363050909607296,0.0,0.0,25.0,0,-0.6760129987078455,2024-04-13 18:04:06,0,0,18.066666666666666
0.8030883593816515,0.47467188855318093,0.0,0.0,25.0,0,0.6457066443406309,2024-04-13 18:04:06,0,0,18.066666666666666
0.8081233961175865,0.30365362011681774,0.0,0.0,25.0,0,0.6415282592038111,2024-04-13 18:04:06,0,0,18.066666666666666
0.8131584328535216,0.27247767302874043,0.0,0.0,25.0,0,0.6415282592038111,2024-04-13 18:04:07,0,0,18.066666666666666
0.8181934695894568,-0.36138085729755043,0.0,0.0,25.0,0,-0.6760129987078455,2024-04-13 18:04:07,0,0,18.066666666666666
0.8232285063253919,0.2805970744052323,0.0,0.0,25.0,0,0.6415282592038111,2024-04-13 18:04:07,0,0,18.066666666666666
0.828263543061327,-0.3629231997247849,0.0,0.0,25.0,0,-0.6760129987078455,2024-04-13 18:04:07,0,0,18.066666666666666
0.8332985797972621,0.3054022631234919,0.0,0.0,25.0,0,0.6415282592038111,2024-04-13 18:04:07,0,0,18.066666666666666
0.8383336165331973,-0.38548364166200627,0.0,0.0,25.0,0,-0.6760129987078455,2024-04-13 18:04:07,0,0,18.066666666666666
0.8433686532691324,-0.31156909120015175,0.0,0.0,25.0,0,-0.6760129987078455,2024-04-13 18:04:07,0,0,18.066666666666666
0.8484036900050674,0.2036273106002571,0.0,0.0,25.0,0,0.6400840378795974,2024-04-13 18:04:07,0,0,18.066666666666666
0.8534387267410026,-0.3840640971987247,0.0,0.0,25.0,0,-0.6760129987078455,2024-04-13 18:04:07,0,0,18.066666666666666
0.8584737634769377,-0.4028767452761355,0.0,0.0,25.0,0,-0.6760129987078455,2024-04-13 18:04:07,0,0,18.066666666666666
0.8635088002128728,0.3384692988564266,0.0,0.0,25.0,0,0.6415282592038111,2024-04-13 18:04:07,0,0,18.066666666666666
0.868543836948808,0.2842859252423443,0.0,0.0,25.0,0,0.6415282592038111,2024-04-13 18:04:07,0,0,18.066666666666666
0.8735788736847431,-0.33142306601187504,0.0,0.0,25.0,0,-0.6760129987078455,2024-04-13 18:04:07,0,0,18.066666666666666
0.8786139104206782,0.2865699673718468,0.0,0.0,25.0,0,0.6415282592038111,2024-04-13 18:04:07,0,0,18.066666666666666
0.8836489471566134,-0.38612219107455537,0.0,0.0,25.0,0,-0.6760129987078455,2024-04-13 18:04:07,0,0,18.066666666666666
0.8886839838925484,-0.34230787753656156,0.0,0.0,25.0,0,-0.6760129987078455,2024-04-13 18:04:07,0,0,18.066666666666666
0.8937190206284835,0.48223133121405215,0.0,0.0,25.0,0,0.6415282592038111,2024-04-13 18:04:07,0,0,18.066666666666666
0.8987540573644187,0.09609067760840571,0.0,0.0,25.0,0,0.6415282592038111,2024-04-13 18:04:08,0,0,18.066666666666666
0.9037890941003538,-0.3455399199477718,0.0,0.0,25.0,0,-0.6760129987078455,2024-04-13 18:04:08,0,0,18.066666666666666
0.9088241308362889,-0.4152596919610341,0.0,0.0,25.0,0,-0.6760129987078455,2024-04-13 18:04:08,0,0,18.066666666666666
0.9138591675722241,0.20456057512629092,0.0,0.0,25.0,0,0.6415282592038111,2024-04-13 18:04:08,0,0,18.066666666666666
0.9188942043081592,-0.3869523053108701,0.0,0.0,25.0,0,-0.6760129987078455,2024-04-13 18:04:08,0,0,18.066666666666666
0.9239292410440942,-0.36657275521343263,0.0,0.0,25.0,0,-0.6760129987078455,2024-04-13 18:04:08,0,0,18.066666666666666
0.9289642777800294,-0.413653494592545,0.0,0.0,25.0,0,-0.6760129987078455,2024-04-13 18:04:08,0,0,18.066666666666666
0.9339993145159645,0.3391913508844625,0.0,0.0,25.0,0,0.6415282592038111,2024-04-13 18:04:08,0,0,18.066666666666666
0.9390343512518996,0.32967696463747925,0.0,0.0,25.0,0,0.6415282592038111,2024-04-13 18:04:08,0,0,18.066666666666666
0.9440693879878347,-0.29980504625357235,0.0,0.0,25.0,0,-0.6760129987078455,2024-04-13 18:04:08,0,0,18.066666666666666
0.9491044247237699,0.3069691651435166,0.0,0.0,25.0,0,0.6415282592038111,2024-04-13 18:04:08,0,0,18.066666666666666
0.954139461459705,0.2938690783491403,0.0,0.0,25.0,0,0.6415282592038111,2024-04-13 18:04:08,0,0,18.066666666666666
0.95917449819564,-0.3707380621506764,0.0,0.0,25.0,0,-0.6785136015051114,2024-04-13 18:04:08,0,0,18.066666666666666
0.9642095349315752,-0.3883718497741517,0.0,0.0,25.0,0,-0.6760129987078455,2024-04-13 18:04:08,0,0,18.066666666666666
0.9692445716675103,0.26294363910752516,0.0,0.0,25.0,0,0.6415282592038111,2024-04-13 18:04:08,0,0,18.066666666666666
0.9742796084034454,-0.34961681235097086,0.0,0.0,25.0,0,-0.6760129987078455,2024-04-13 18:04:08,0,0,18.066666666666666
0.9793146451393806,-0.4448441774362964,0.0,0.0,25.0,0,-0.49354506254453545,2024-04-13 18:04:08,0,0,18.066666666666666
0.9843496818753157,-0.4448638251105285,0.0,0.0,25.0,0,-0.10308247117435963,2024-04-13 18:04:08,0,0,18.066666666666666
0.9893847186112508,-0.1640347053899274,0.0,0.0,25.0,0,-1.4314114624046412,2024-04-13 18:04:09,0,0,18.066666666666666
0.994419755347186,-0.2782073403537328,0.0,0.0,25.0,0,-0.6760129987078455,2024-04-13 18:04:09,0,0,18.066666666666666
0.999454792083121,-0.18883989410818683,0.0,0.0,25.0,0,0.6415282592038111,2024-04-13 18:04:09,0,0,18.066666666666666
1.0044898288190562,-0.2947162986274089,0.0,0.0,25.0,0,-0.6760129987078455,2024-04-13 18:04:09,0,0,18.066666666666666
1.0095248655549913,0.3305807576521643,0.0,0.0,25.0,0,0.6415282592038111,2024-04-13 18:04:09,0,0,18.066666666666666
1.0145599022909264,0.3324718462970217,0.0,0.0,25.0,0,0.6415282592038111,2024-04-13 18:04:09,0,0,18.066666666666666
1.0195949390268615,-0.37989879026147877,0.0,0.0,25.0,0,-0.6760129987078455,2024-04-13 18:04:09,0,0,18.066666666666666
1.0246299757627966,0.2512581848578722,0.0,0.0,25.0,0,0.6415282592038111,2024-04-13 18:04:09,0,0,18.066666666666666
1.0296650124987317,-0.38777259571006684,0.0,0.0,25.0,0,-0.6760129987078455,2024-04-13 18:04:09,0,0,18.066666666666666
1.034700049234667,-0.37891149463130674,0.0,0.0,25.0,0,-0.6760129987078455,2024-04-13 18:04:09,0,0,18.066666666666666
1.039735085970602,0.28978727402738313,0.0,0.0,25.0,0,0.6415282592038111,2024-04-13 18:04:09,0,0,18.066666666666666
1.0447701227065371,-0.3923112084577257,0.0,0.0,25.0,0,-0.6760129987078455,2024-04-13 18:04:09,0,0,18.066666666666666
1.0498051594424722,0.33297286198994386,0.0,0.0,25.0,0,0.6415282592038111,2024-04-13 18:04:09,0,0,18.066666666666666
1.0548401961784073,-0.4445347265671379,0.0,0.0,25.0,0,-0.5935809596240219,2024-04-13 18:04:09,0,0,18.066666666666666
1.0598752329143424,0.5474763454209124,0.0,0.0,25.0,0,0.5590962201199875,2024-04-13 18:04:09,0,0,18.066666666666666
1.0649102696502777,0.14732690008764587,0.0,0.0,25.0,0,0.6415282592038111,2024-04-13 18:04:09,0,0,18.066666666666666
1.0699453063862128,-0.2916267018543839,0.0,0.0,25.0,0,-0.6760129987078455,2024-04-13 18:04:09,0,0,18.066666666666666
1.0749803431221479,-0.4239046686232382,0.0,0.0,25.0,0,-0.6760129987078455,2024-04-13 18:04:09,0,0,18.066666666666666
1.080015379858083,0.3319806544412138,0.0,0.0,25.0,0,0.6415282592038111,2024-04-13 18:04:10,0,0,18.066666666666666
1.085050416594018,0.32793814546792094,0.0,0.0,25.0,0,0.6415282592038111,2024-04-13 18:04:10,0,0,18.066666666666666
1.090085453329953,-0.4095078353295314,0.0,0.0,25.0,0,-0.6760129987078455,2024-04-13 18:04:10,0,0,18.066666666666666
1.0951204900658882,0.3325553489125084,0.0,0.0,25.0,0,0.6415282592038111,2024-04-13 18:04:10,0,0,18.066666666666666
1.1001555268018235,-0.34149741097447894,0.0,0.0,25.0,0,-0.6760129987078455,2024-04-13 18:04:10,0,0,18.066666666666666
1.1051905635377586,0.2619710792330271,0.0,0.0,25.0,0,0.6415282592038111,2024-04-13 18:04:10,0,0,18.066666666666666
1.1102256002736937,-0.38868130064331013,0.0,0.0,25.0,0,-0.6760129987078455,2024-04-13 18:04:10,0,0,18.066666666666666
1.1152606370096287,0.42714416458528476,0.0,0.0,25.0,0,0.6415282592038111,2024-04-13 18:04:10,0,0,18.066666666666666
1.1202956737455638,0.35196233913544805,0.0,0.0,25.0,0,0.6415282592038111,2024-04-13 18:04:10,0,0,18.066666666666666
1.125330710481499,-0.39780273340564826,0.0,0.0,25.0,0,-0.6760129987078455,2024-04-13 18:04:10,0,0,18.066666666666666
1.1303657472174342,0.3301043015520306,0.0,0.0,25.0,0,0.644675976006882,2024-04-13 18:04:10,0,0,18.066666666666666
1.1354007839533693,0.5343762586265358,0.0,0.0,25.0,0,0.6415282592038111,2024-04-13 18:04:10,0,0,18.066666666666666
1.1404358206893044,-0.02450183491079995,0.0,0.0,25.0,0,-0.6760129987078455,2024-04-13 18:04:10,0,0,18.066666666666666
1.1454708574252395,-0.2739634427195583,0.0,0.0,25.0,0,0.6415282592038111,2024-04-13 18:04:10,0,0,18.066666666666666
1.1505058941611745,-0.3404757319144006,0.0,0.0,25.0,0,-0.6760129987078455,2024-04-13 18:04:10,0,0,18.066666666666666
1.1555409308971096,0.22833426094735584,0.0,0.0,25.0,0,0.6415282592038111,2024-04-13 18:04:11,0,0,18.066666666666666
1.160575967633045,-0.36935781303585924,0.0,0.0,25.0,0,-0.6760129987078455,2024-04-13 18:04:11,0,0,18.066666666666666
1.16561100436898,0.39339928409133684,0.0,0.0,25.0,0,0.6415282592038111,2024-04-13 18:04:11,0,0,18.066666666666666
1.170646041104915,-0.41381558790496037,0.0,0.0,25.0,0,-0.6760129987078455,2024-04-13 18:04:11,0,0,18.066666666666666
1.1756810778408502,0.2624524472517169,0.0,0.0,25.0,0,0.6415282592038111,2024-04-13 18:04:11,0,0,18.066666666666666
1.1807161145767853,-0.4056372435057719,0.0,0.0,25.0,0,-0.6760129987078455,2024-04-13 18:04:11,0,0,18.066666666666666
1.1857511513127204,-0.4016635013922936,0.0,0.0,25.0,0,-0.6760129987078455,2024-04-13 18:04:11,0,0,18.066666666666666
1.1907861880486554,-0.3669018537568232,0.0,0.0,25.0,0,-0.6760129987078455,2024-04-13 18:04:11,0,0,18.066666666666666
1.1958212247845907,0.43688449908593985,0.0,0.0,25.0,0,0.6415282592038111,2024-04-13 18:04:11,0,0,18.066666666666666
1.2008562615205258,0.33229010531037223,0.0,0.0,25.0,0,0.6415282592038111,2024-04-13 18:04:11,0,0,18.066666666666666
1.205891298256461,0.3298832652169188,0.0,0.0,25.0,0,0.6383805424007402,2024-04-13 18:04:11,0,0,18.066666666666666
1.210926334992396,0.4934354174450133,0.0,0.0,25.0,0,0.6415282592038111,2024-04-13 18:04:11,0,0,18.066666666666666
1.215961371728331,0.09489216948023606,0.0,0.0,25.0,0,0.6415282592038111,2024-04-13 18:04:11,0,0,18.066666666666666
1.2209964084642662,-0.37100330575281265,0.0,0.0,25.0,0,-0.6760129987078455,2024-04-13 18:04:11,0,0,18.066666666666666
1.2260314452002015,-0.3204252803603537,0.0,0.0,25.0,0,-0.6760129987078455,2024-04-13 18:04:11,0,0,18.066666666666666
1.2310664819361365,0.3820822237335409,0.0,0.0,25.0,0,0.6415282592038111,2024-04-13 18:04:11,0,0,18.066666666666666
1.2361015186720716,0.2822916863077663,0.0,0.0,25.0,0,0.6415282592038111,2024-04-13 18:04:12,0,0,18.066666666666666
1.2411365554080067,-0.35858597563800976,0.0,0.0,25.0,0,-0.6760129987078455,2024-04-13 18:04:12,0,0,18.066666666666666
1.2461715921439418,0.3408663151127659,0.0,0.0,25.0,0,0.6415282592038111,2024-04-13 18:04:12,0,0,18.066666666666666
1.2512066288798769,-0.4107505507247234,0.0,0.0,25.0,0,-0.6760129987078455,2024-04-13 18:04:12,0,0,18.066666666666666
1.2562416656158122,0.2725709994813432,0.0,0.0,25.0,0,0.6415282592038111,2024-04-13 18:04:12,0,0,18.066666666666666
1.2612767023517473,-0.3516994658195937,0.0,0.0,25.0,0,-0.6760129987078455,2024-04-13 18:04:12,0,0,18.066666666666666
1.2663117390876824,0.31648355139049983,0.0,0.0,25.0,0,0.6415282592038111,2024-04-13 18:04:12,0,0,18.066666666666666
1.2713467758236174,0.3033441692476592,0.0,0.0,25.0,0,0.6415282592038111,2024-04-13 18:04:12,0,0,18.066666666666666
1.2763818125595525,-0.42218058520935625,0.0,0.0,25.0,0,-0.6760129987078455,2024-04-13 18:04:12,0,0,18.066666666666666
1.2814168492954876,-0.384599496321553,0.0,0.0,25.0,0,-0.6760129987078455,2024-04-13 18:04:12,0,0,18.066666666666666
1.286451886031423,-0.41173293443633946,0.0,0.0,25.0,0,-0.6760129987078455,2024-04-13 18:04:12,0,0,18.066666666666666
1.291486922767358,0.33205924513814233,0.0,0.0,25.0,0,0.6415282592038111,2024-04-13 18:04:12,0,0,18.066666666666666
1.296521959503293,-0.404915191477736,0.0,0.0,25.0,0,-0.6760129987078455,2024-04-13 18:04:12,0,0,18.066666666666666
1.3015569962392282,-0.42600696976609337,0.0,0.0,25.0,0,-0.6760129987078455,2024-04-13 18:04:12,0,0,18.066666666666666
1.3065920329751632,0.3439264403744428,0.0,0.0,25.0,0,0.6415282592038111,2024-04-13 18:04:12,0,0,18.066666666666666
1.3116270697110983,-0.3824971951787,0.0,0.0,25.0,0,-0.6760129987078455,2024-04-13 18:04:12,0,0,18.066666666666666
1.3166621064470334,0.27695243083514265,0.0,0.0,25.0,0,0.6415282592038111,2024-04-13 18:04:12,0,0,18.066666666666666
1.3216971431829687,1.0099973326045655,0.0,0.0,25.0,0,-0.6760129987078455,2024-04-13 18:04:13,0,0,18.066666666666666
1.3267321799189038,-0.18095135290392272,0.0,0.0,25.0,0,1.9590695171154675,2024-04-13 18:04:13,0,0,18.066666666666666
1.3317672166548389,0.16503927840804958,0.0,0.0,25.0,0,-0.6760129987078455,2024-04-13 18:04:13,0,0,18.066666666666666
1.336802253390774,-0.25324005832305596,0.0,0.0,25.0,0,0.6415282592038111,2024-04-13 18:04:13,0,0,18.066666666666666
1.341837290126709,0.43878049964935534,0.0,0.0,25.0,0,0.6415282592038111,2024-04-13 18:04:13,0,0,18.066666666666666
1.3468723268626441,-0.3513458076834109,0.0,0.0,25.0,0,-0.6760129987078455,2024-04-13 18:04:13,0,0,18.066666666666666
1.3519073635985794,0.17451436930656855,0.0,0.0,25.0,0,0.6415282592038111,2024-04-13 18:04:13,0,0,18.066666666666666
1.3569424003345145,-0.28900373734437246,0.0,0.0,25.0,0,-0.6760129987078455,2024-04-13 18:04:13,0,0,18.066666666666666
1.3619774370704496,0.29796070650801354,0.0,0.0,25.0,0,0.6415282592038111,2024-04-13 18:04:13,0,0,18.066666666666666
1.3670124738063847,0.3066253308444519,0.0,0.0,25.0,0,0.6415282592038111,2024-04-13 18:04:13,0,0,18.066666666666666
1.3720475105423198,0.38770637048253237,0.0,0.0,25.0,0,0.6415282592038111,2024-04-13 18:04:13,0,0,18.066666666666666
1.3770825472782549,-0.39117164335225235,0.0,0.0,25.0,0,-0.6760129987078455,2024-04-13 18:04:13,0,0,18.066666666666666
1.3821175840141902,-0.4201421390077557,0.0,0.0,25.0,0,-0.6760129987078455,2024-04-13 18:04:13,0,0,18.066666666666666
1.3871526207501252,0.39300633060668944,0.0,0.0,25.0,0,0.6415282592038111,2024-04-13 18:04:13,0,0,18.066666666666666
1.3921876574860603,0.34104805609941335,0.0,0.0,25.0,0,0.6415282592038111,2024-04-13 18:04:13,0,0,18.066666666666666
1.3972226942219954,-0.43499578072736445,0.0,0.0,25.0,0,-0.6760129987078455,2024-04-13 18:04:13,0,0,18.066666666666666
1.4022577309579305,-0.4267535813869195,0.0,0.0,25.0,0,-0.6760129987078455,2024-04-13 18:04:14,0,0,18.066666666666666
1.4072927676938656,-0.44475576290225166,0.0,0.0,25.0,0,-0.52774139505659,2024-04-13 18:04:14,0,0,18.066666666666666
1.4123278044298007,-0.4363563821679494,0.0,0.0,25.0,0,-0.8242846023591008,2024-04-13 18:04:14,0,0,18.066666666666666
1.417362841165736,0.2676001379005749,0.0,0.0,25.0,0,0.6415282592038111,2024-04-13 18:04:14,0,0,18.066666666666666
1.422397877901671,-0.39047415091700666,0.0,0.0,25.0,0,-0.6760129987078455,2024-04-13 18:04:14,0,0,18.066666666666666
1.4274329146376061,0.40052156600053856,0.0,0.0,25.0,0,0.6415282592038111,2024-04-13 18:04:14,0,0,18.066666666666666
1.4324679513735412,-0.4367002164670143,0.0,0.0,25.0,0,-0.6760129987078455,2024-04-13 18:04:14,0,0,18.066666666666666
1.4375029881094763,-0.42724477324272747,0.0,0.0,25.0,0,-0.6760129987078455,2024-04-13 18:04:14,0,0,18.066666666666666
1.4425380248454114,0.3738400243930958,0.0,0.0,25.0,0,0.6415282592038111,2024-04-13 18:04:14,0,0,18.066666666666666
1.4475730615813467,0.2598736900087301,0.0,0.0,25.0,0,0.6415282592038111,2024-04-13 18:04:14,0,0,18.066666666666666
1.4526080983172818,-0.337317368281561,0.0,0.0,25.0,0,-0.6760129987078455,2024-04-13 18:04:14,0,0,18.066666666666666
1.4576431350532169,0.28825966735582276,0.0,0.0,25.0,0,0.6415282592038111,2024-04-13 18:04:14,0,0,18.066666666666666
1.462678171789152,-0.3578393640171817,0.0,0.0,25.0,0,-0.6760129987078455,2024-04-13 18:04:14,0,0,18.066666666666666
1.467713208525087,-0.403200931900968,0.0,0.0,25.0,0,-0.6760129987078455,2024-04-13 18:04:14,0,0,18.066666666666666
1.472748245261022,0.25284964647068897,0.0,0.0,25.0,0,0.6415282592038111,2024-04-13 18:04:14,0,0,18.066666666666666
1.4777832819969574,-0.34904702979823415,0.0,0.0,25.0,0,-0.6760129987078455,2024-04-13 18:04:14,0,0,18.066666666666666
1.4828183187328925,0.385815281837673,0.0,0.0,25.0,0,0.6415282592038111,2024-04-13 18:04:14,0,0,18.066666666666666
1.4878533554688276,-0.37343470543905827,0.0,0.0,25.0,0,-0.6760129987078455,2024-04-13 18:04:14,0,0,18.066666666666666
1.4928883922047627,0.13492430572851508,0.0,0.0,25.0,0,0.6415282592038111,2024-04-13 18:04:15,0,0,18.066666666666666
1.4979234289406977,-0.364411511047881,0.0,0.0,25.0,0,-0.6760129987078455,2024-04-13 18:04:15,0,0,18.066666666666666
1.5029584656766328,0.33674030352398443,0.0,0.0,25.0,0,0.6415282592038111,2024-04-13 18:04:15,0,0,18.066666666666666
1.507993502412568,-0.3562528143229247,0.0,0.0,25.0,0,-0.6760129987078455,2024-04-13 18:04:15,0,0,18.066666666666666
1.5130285391485032,-0.40065655808788747,0.0,0.0,25.0,0,-0.6760129987078455,2024-04-13 18:04:15,0,0,18.066666666666666
1.5180635758844383,-0.24699700983574926,0.0,0.0,25.0,0,-0.6760129987078455,2024-04-13 18:04:15,0,0,18.066666666666666
1.5230986126203734,0.1815040294147055,0.0,0.0,25.0,0,0.6415282592038111,2024-04-13 18:04:15,0,0,18.066666666666666
1.5281336493563085,0.33105721375229635,0.0,0.0,25.0,0,0.6415282592038111,2024-04-13 18:04:15,0,0,18.066666666666666
1.5331686860922435,-0.41382049982351843,0.0,0.0,25.0,0,-0.6760129987078455,2024-04-13 18:04:15,0,0,18.066666666666666
1.5382037228281786,0.32398896294723284,0.0,0.0,25.0,0,0.6415282592038111,2024-04-13 18:04:15,0,0,18.066666666666666
1.543238759564114,-0.3348466732468509,0.0,0.0,25.0,0,-0.6760129987078455,2024-04-13 18:04:15,0,0,18.066666666666666
1.548273796300049,0.16972033679389167,0.0,0.0,25.0,0,-0.6760129987078455,2024-04-13 18:04:15,0,0,18.066666666666666
1.553308833035984,-0.42051053289961077,0.0,0.0,25.0,0,0.6415282592038111,2024-04-13 18:04:15,0,0,18.066666666666666
1.5583438697719192,0.1016902647646071,0.0,0.0,25.0,0,-0.6760129987078455,2024-04-13 18:04:15,0,0,18.066666666666666
1.5633789065078543,-0.05911121307096913,0.0,0.0,25.0,0,0.6415282592038111,2024-04-13 18:04:15,0,0,18.066666666666666
1.5684139432437894,-0.4448441774362964,0.0,0.0,25.0,0,-0.5445706447307348,2024-04-13 18:04:15,0,0,18.066666666666666
1.5734489799797247,-0.434332671722023,0.0,0.0,25.0,0,-0.807455352684956,2024-04-13 18:04:15,0,0,18.066666666666666
1.5784840167156597,-0.39879494095437834,0.0,0.0,25.0,0,-0.6760129987078455,2024-04-13 18:04:15,0,0,18.066666666666666
1.5835190534515948,-0.29609654774222816,0.0,0.0,25.0,0,-0.6760129987078455,2024-04-13 18:04:16,0,0,18.066666666666666
1.58855409018753,0.2282507583318672,0.0,0.0,25.0,0,0.6415282592038111,2024-04-13 18:04:16,0,0,18.066666666666666
1.593589126923465,0.3338570073303969,0.0,0.0,25.0,0,0.6454698691828777,2024-04-13 18:04:16,0,0,18.066666666666666
1.5986241636594,-0.42302543520134317,0.0,0.0,25.0,0,-0.6760129987078455,2024-04-13 18:04:16,0,0,18.066666666666666
1.6036592003953352,0.3396432473918062,0.0,0.0,25.0,0,0.6415282592038111,2024-04-13 18:04:16,0,0,18.066666666666666
1.6086942371312705,-0.37841539085694287,0.0,0.0,25.0,0,-0.6760129987078455,2024-04-13 18:04:16,0,0,18.066666666666666
1.6137292738672055,0.21891320115297538,0.0,0.0,25.0,0,0.6415282592038111,2024-04-13 18:04:16,0,0,18.066666666666666
1.6187643106031406,-0.3432902612481755,0.0,0.0,25.0,0,-0.6760129987078455,2024-04-13 18:04:16,0,0,18.066666666666666
1.6237993473390757,-0.39039064830152004,0.0,0.0,25.0,0,-0.6760129987078455,2024-04-13 18:04:16,0,0,18.066666666666666
1.6288343840750108,0.2888982167683717,0.0,0.0,25.0,0,0.6415282592038111,2024-04-13 18:04:16,0,0,18.066666666666666
1.6338694208109459,-0.4064820934977608,0.0,0.0,25.0,0,-0.6760129987078455,2024-04-13 18:04:16,0,0,18.066666666666666
1.6389044575468812,0.3672531416067224,0.0,0.0,25.0,0,0.6415282592038111,2024-04-13 18:04:16,0,0,18.066666666666666
1.6439394942828163,-0.39994924181552566,0.0,0.0,25.0,0,-0.6760129987078455,2024-04-13 18:04:16,0,0,18.066666666666666
1.6489745310187514,0.3476791461528094,0.0,0.0,25.0,0,0.6415282592038111,2024-04-13 18:04:16,0,0,18.066666666666666
1.6540095677546864,-0.3733315551493375,0.0,0.0,25.0,0,-0.6760129987078455,2024-04-13 18:04:16,0,0,18.066666666666666
1.6590446044906215,0.36908528722888323,0.0,0.0,25.0,0,0.6415282592038111,2024-04-13 18:04:16,0,0,18.066666666666666
1.6640796412265566,0.32244170860144045,0.0,0.0,25.0,0,0.6415282592038111,2024-04-13 18:04:17,0,0,18.066666666666666
1.669114677962492,0.36599569045585617,0.0,0.0,25.0,0,0.6415282592038111,2024-04-13 18:04:17,0,0,18.066666666666666
1.674149714698427,-0.35620860705590235,0.0,0.0,25.0,0,-0.6760129987078455,2024-04-13 18:04:17,0,0,18.066666666666666
1.679184751434362,0.3464806380246395,0.0,0.0,25.0,0,0.6415282592038111,2024-04-13 18:04:17,0,0,18.066666666666666
1.6842197881702972,0.3706914845973722,0.0,0.0,25.0,0,0.6415282592038111,2024-04-13 18:04:17,0,0,18.066666666666666
1.6892548249062322,-0.4145572876072304,0.0,0.0,25.0,0,-0.6760129987078455,2024-04-13 18:04:17,0,0,18.066666666666666
1.6942898616421673,0.195493173468091,0.0,0.0,25.0,0,0.6415282592038111,2024-04-13 18:04:17,0,0,18.066666666666666
1.6993248983781026,-0.36420521046844134,0.0,0.0,25.0,0,-0.6760129987078455,2024-04-13 18:04:17,0,0,18.066666666666666
1.7043599351140377,-0.35808495994508566,0.0,0.0,25.0,0,-0.6760129987078455,2024-04-13 18:04:17,0,0,18.066666666666666
1.7093949718499728,0.3100784095907759,0.0,0.0,25.0,0,0.6415282592038111,2024-04-13 18:04:17,0,0,18.066666666666666
1.7144300085859079,-0.3148207812855941,0.0,0.0,25.0,0,-0.6760129987078455,2024-04-13 18:04:17,0,0,18.066666666666666
1.719465045321843,-0.38810660617201553,0.0,0.0,25.0,0,-0.6760129987078455,2024-04-13 18:04:17,0,0,18.066666666666666
1.724500082057778,0.06885408920390032,0.0,0.0,25.0,0,0.6415282592038111,2024-04-13 18:04:17,0,0,18.066666666666666
1.7295351187937131,-0.4026458851039076,0.0,0.0,25.0,0,-0.6760129987078455,2024-04-13 18:04:17,0,0,18.066666666666666
