Шаг,Время,Ширина,Высота,Частота кадров,Кодек,Битрейт (КБ/сек),Продолжительность видео
0,1.2329471111297607,854,480,25.0,h264,4.4892578125,0.0
1,0.08654499053955078,854,480,25.0,h264,4741.9619140625,0.04
2,0.044497013092041016,854,480,25.0,h264,5216.53515625,0.08
3,0.06036496162414551,854,480,25.0,h264,8055.5576171875,0.12
4,0.07567191123962402,854,480,25.0,h264,2401.875,0.16
5,0.04370689392089844,854,480,25.0,h264,1200.9375,0.2
6,0.04981708526611328,854,480,25.0,h264,1200.9375,0.24
7,0.06964826583862305,854,480,25.0,h264,2401.875,0.28
8,0.04232192039489746,854,480,25.0,h264,1200.9375,0.32
9,0.07603287696838379,854,480,25.0,h264,2401.8740234375,0.36
10,0.05273723602294922,854,480,25.0,h264,1200.939453125,0.4
11,0.07372379302978516,854,480,25.0,h264,2401.875,0.44
12,0.07507896423339844,854,480,25.0,h264,2401.875,0.48
13,0.045411109924316406,854,480,25.0,h264,1200.9375,0.52
14,0.07450389862060547,854,480,25.0,h264,2401.875,0.56
15,0.04685091972351074,854,480,25.0,h264,1200.9375,0.6
16,0.07683610916137695,854,480,25.0,h264,2401.875,0.64
17,0.07301616668701172,854,480,25.0,h264,2401.875,0.68
18,0.041296958923339844,854,480,25.0,h264,1200.9375,0.72
19,0.04057478904724121,854,480,25.0,h264,1200.9375,0.76
20,0.04450726509094238,854,480,25.0,h264,1200.9375,0.8
21,0.04258108139038086,854,480,25.0,h264,1200.9375,0.84
22,0.08342576026916504,854,480,25.0,h264,2401.875,0.88
23,0.07312917709350586,854,480,25.0,h264,2401.875,0.92
24,0.04954695701599121,854,480,25.0,h264,1200.9375,0.96
25,0.06452584266662598,854,480,25.0,h264,2401.875,1.0
26,0.041047096252441406,854,480,25.0,h264,1200.9375,1.04
27,0.040001869201660156,854,480,25.0,h264,1210.9150390625,1.08
28,0.04766225814819336,854,480,25.0,h264,1190.9599609375,1.12
29,0.0782918930053711,854,480,25.0,h264,2401.875,1.16
30,0.08077597618103027,854,480,25.0,h264,2401.875,1.2
31,0.07503390312194824,854,480,25.0,h264,2401.875,1.24
32,0.04417610168457031,854,480,25.0,h264,1200.9375,1.28
33,0.07288694381713867,854,480,25.0,h264,2401.875,1.32
34,0.04159808158874512,854,480,25.0,h264,1200.9375,1.36
35,0.05138874053955078,854,480,25.0,h264,1200.9375,1.4
36,0.06766414642333984,854,480,25.0,h264,2401.875,1.44
37,0.0428309440612793,854,480,25.0,h264,1200.9375,1.48
38,0.04274296760559082,854,480,25.0,h264,1200.9375,1.52
39,0.04108715057373047,854,480,25.0,h264,1200.9375,1.56
40,0.0805809497833252,854,480,25.0,h264,2401.875,1.6
41,0.07907414436340332,854,480,25.0,h264,2401.875,1.64
42,0.04034996032714844,854,480,25.0,h264,1200.9375,1.68
43,0.053854942321777344,854,480,25.0,h264,1200.9375,1.72
44,0.06638598442077637,854,480,25.0,h264,2401.875,1.76
45,0.04250001907348633,854,480,25.0,h264,1200.9375,1.8
46,0.07159090042114258,854,480,25.0,h264,2401.875,1.84
47,0.04865312576293945,854,480,25.0,h264,1200.9375,1.88
48,0.07059407234191895,854,480,25.0,h264,2401.875,1.92
49,0.04447674751281738,854,480,25.0,h264,1200.9375,1.96
50,0.052068233489990234,854,480,25.0,h264,1200.9375,2.0
51,0.06990694999694824,854,480,25.0,h264,2401.875,2.04
52,0.07470893859863281,854,480,25.0,h264,2401.875,2.08
53,0.0444638729095459,854,480,25.0,h264,1200.9375,2.12
54,0.07537198066711426,854,480,25.0,h264,2401.875,2.16
55,0.044341087341308594,854,480,25.0,h264,1200.9375,2.2
56,0.04339194297790527,854,480,25.0,h264,1200.9375,2.24
57,0.07240819931030273,854,480,25.0,h264,2401.875,2.28
58,0.0425257682800293,854,480,25.0,h264,1200.9375,2.32
59,0.044791221618652344,854,480,25.0,h264,1200.9375,2.36
60,0.040007829666137695,854,480,25.0,h264,1319.9453125,2.4
61,0.04246807098388672,854,480,25.0,h264,1081.9296875,2.44
62,0.08269214630126953,854,480,25.0,h264,2401.875,2.48
63,0.06649589538574219,854,480,25.0,h264,2401.875,2.52
64,0.052191972732543945,854,480,25.0,h264,1200.9375,2.56
65,0.0753638744354248,854,480,25.0,h264,2401.875,2.6
66,0.11448812484741211,854,480,25.0,h264,2401.875,2.64
67,0.04004502296447754,854,480,25.0,h264,2942.96484375,2.68
68,0.05753183364868164,854,480,25.0,h264,659.8349609375,2.72
69,0.07187938690185547,854,480,25.0,h264,2401.875,2.76
70,0.07088279724121094,854,480,25.0,h264,2401.875,2.8
71,0.09033012390136719,854,480,25.0,h264,2401.875,2.84
72,0.0759286880493164,854,480,25.0,h264,2401.875,2.88
73,0.04631614685058594,854,480,25.0,h264,1201.373046875,2.92
74,0.06739592552185059,854,480,25.0,h264,2401.875,2.96
75,0.0410618782043457,854,480,25.0,h264,1200.9375,3.0
76,0.05571627616882324,854,480,25.0,h264,1200.9375,3.04
77,0.06696701049804688,854,480,25.0,h264,2401.875,3.08
78,0.043454885482788086,854,480,25.0,h264,1200.9375,3.12
79,0.0736689567565918,854,480,25.0,h264,2401.875,3.16
80,0.07903718948364258,854,480,25.0,h264,2401.875,3.2
81,0.0434417724609375,854,480,25.0,h264,1200.9375,3.24
82,0.04300117492675781,854,480,25.0,h264,1200.9375,3.28
83,0.07264590263366699,854,480,25.0,h264,2401.875,3.32
84,0.042797088623046875,854,480,25.0,h264,1200.9375,3.36
85,0.041964054107666016,854,480,25.0,h264,1200.9375,3.4
86,0.07574892044067383,854,480,25.0,h264,2401.875,3.44
87,0.04222822189331055,854,480,25.0,h264,1200.9375,3.48
88,0.04062676429748535,854,480,25.0,h264,1200.9375,3.52
89,0.04300403594970703,854,480,25.0,h264,1200.9375,3.56
90,0.08567285537719727,854,480,25.0,h264,2401.875,3.6
91,0.06600117683410645,854,480,25.0,h264,2401.875,3.64
92,0.06330990791320801,854,480,25.0,h264,1200.9375,3.68
93,0.06626391410827637,854,480,25.0,h264,2401.875,3.72
94,0.07590913772583008,854,480,25.0,h264,2401.875,3.76
95,0.04335904121398926,854,480,25.0,h264,1200.9375,3.8
96,0.0861518383026123,854,480,25.0,h264,2401.875,3.84
97,0.06658101081848145,854,480,25.0,h264,2401.875,3.88
98,0.04557013511657715,854,480,25.0,h264,1200.9375,3.92
99,0.0758810043334961,854,480,25.0,h264,2401.875,3.96
100,0.043077945709228516,854,480,25.0,h264,1200.9375,4.0
101,0.04258084297180176,854,480,25.0,h264,1200.9375,4.04
102,0.07761096954345703,854,480,25.0,h264,2401.875,4.08
103,0.041831254959106445,854,480,25.0,h264,1200.9375,4.12
104,0.07082796096801758,854,480,25.0,h264,2401.875,4.16
105,0.04544401168823242,854,480,25.0,h264,1200.9375,4.2
106,0.04260897636413574,854,480,25.0,h264,1200.9375,4.24
107,0.0742490291595459,854,480,25.0,h264,2401.875,4.28
108,0.04893183708190918,854,480,25.0,h264,1200.9375,4.32
109,0.07710504531860352,854,480,25.0,h264,2401.875,4.36
110,0.04207801818847656,854,480,25.0,h264,1200.9375,4.4
111,0.04357314109802246,854,480,25.0,h264,1200.9375,4.44
112,0.07477903366088867,854,480,25.0,h264,2401.875,4.48
113,0.07853078842163086,854,480,25.0,h264,2401.875,4.52
114,0.07601308822631836,854,480,25.0,h264,2401.875,4.56
115,0.04241299629211426,854,480,25.0,h264,1200.9375,4.6
116,0.07733607292175293,854,480,25.0,h264,2401.875,4.64
117,0.043817996978759766,854,480,25.0,h264,1200.9375,4.68
118,0.041562795639038086,854,480,25.0,h264,1200.9375,4.72
119,0.07648420333862305,854,480,25.0,h264,2401.875,4.76
120,0.07841205596923828,854,480,25.0,h264,2401.875,4.8
121,0.04115581512451172,854,480,25.0,h264,1200.9375,4.84
122,0.04520225524902344,854,480,25.0,h264,1200.9375,4.88
123,0.07559680938720703,854,480,25.0,h264,2401.875,4.92
124,0.04346799850463867,854,480,25.0,h264,1200.9375,4.96
125,0.041700124740600586,854,480,25.0,h264,1200.9375,5.0
126,0.04385876655578613,854,480,25.0,h264,1200.9375,5.04
127,0.06969904899597168,854,480,25.0,h264,2401.875,5.08
128,0.040000200271606445,854,480,25.0,h264,1532.380859375,5.12
129,0.04079794883728027,854,480,25.0,h264,869.494140625,5.16
130,0.04245495796203613,854,480,25.0,h264,1200.9375,5.2
131,0.05010414123535156,854,480,25.0,h264,1200.9375,5.24
132,0.06788277626037598,854,480,25.0,h264,2401.875,5.28
133,0.04291105270385742,854,480,25.0,h264,1200.9375,5.32
134,0.040863037109375,854,480,25.0,h264,1200.9375,5.36
135,0.07303595542907715,854,480,25.0,h264,2401.875,5.4
136,0.04449295997619629,854,480,25.0,h264,1200.9375,5.44
137,0.043203115463256836,854,480,25.0,h264,1199.1728515625,5.48
138,0.07767891883850098,854,480,25.0,h264,2401.875,5.52
139,0.04115581512451172,854,480,25.0,h264,1200.9375,5.56
140,0.07395219802856445,854,480,25.0,h264,2403.6396484375,5.6
141,0.06049609184265137,854,480,25.0,h264,1200.9375,5.64
142,0.06589579582214355,854,480,25.0,h264,2400.1103515625,5.68
143,0.07959294319152832,854,480,25.0,h264,2401.875,5.72
144,0.04975533485412598,854,480,25.0,h264,1200.9375,5.76
145,0.07775473594665527,854,480,25.0,h264,2401.875,5.8
146,0.0686788558959961,854,480,25.0,h264,2401.875,5.84
147,0.04065203666687012,854,480,25.0,h264,1200.9375,5.88
148,0.04346013069152832,854,480,25.0,h264,1200.9375,5.92
149,0.040817975997924805,854,480,25.0,h264,1200.9375,5.96
150,0.08022308349609375,854,480,25.0,h264,2401.875,6.0
151,0.07422995567321777,854,480,25.0,h264,2401.875,6.04
152,0.044270992279052734,854,480,25.0,h264,1200.9375,6.08
153,0.0774540901184082,854,480,25.0,h264,2401.875,6.12
154,0.10306215286254883,854,480,25.0,h264,1200.9375,6.16
155,0.05263781547546387,854,480,25.0,h264,3602.8125,6.2
156,0.043476104736328125,854,480,25.0,h264,1200.9375,6.24
157,0.04311490058898926,854,480,25.0,h264,1200.9375,6.28
158,0.0751791000366211,854,480,25.0,h264,2401.875,6.32
159,0.041774749755859375,854,480,25.0,h264,1200.9375,6.36
160,0.04211091995239258,854,480,25.0,h264,1200.9375,6.4
161,0.04300212860107422,854,480,25.0,h264,1200.9375,6.44
162,0.07663512229919434,854,480,25.0,h264,2401.875,6.48
163,0.04075884819030762,854,480,25.0,h264,1200.9375,6.52
164,0.07553505897521973,854,480,25.0,h264,2403.2109375,6.56
165,0.041300058364868164,854,480,25.0,h264,1200.9375,6.6
166,0.044583797454833984,854,480,25.0,h264,1200.9375,6.64
167,0.07777619361877441,854,480,25.0,h264,2401.875,6.68
168,0.04285383224487305,854,480,25.0,h264,1200.9375,6.72
169,0.07561016082763672,854,480,25.0,h264,2401.875,6.76
170,0.04017996788024902,854,480,25.0,h264,1200.9375,6.8
171,0.07900810241699219,854,480,25.0,h264,2401.875,6.84
172,0.04285097122192383,854,480,25.0,h264,1200.9375,6.88
173,0.04221916198730469,854,480,25.0,h264,1200.9375,6.92
174,0.04074382781982422,854,480,25.0,h264,1200.9375,6.96
175,0.07606983184814453,854,480,25.0,h264,2401.875,7.0
176,0.08766794204711914,854,480,25.0,h264,2401.875,7.04
177,0.06647014617919922,854,480,25.0,h264,2401.875,7.08
178,0.046621084213256836,854,480,25.0,h264,1200.9375,7.12
179,0.04171395301818848,854,480,25.0,h264,1200.9375,7.16
180,0.09081006050109863,854,480,25.0,h264,2401.875,7.2
181,0.06539487838745117,854,480,25.0,h264,2401.875,7.24
182,0.041155099868774414,854,480,25.0,h264,1200.9375,7.28
183,0.07668876647949219,854,480,25.0,h264,2401.875,7.32
184,0.04413723945617676,854,480,25.0,h264,1200.9375,7.36
185,0.04142498970031738,854,480,25.0,h264,1200.9375,7.4
186,0.04059910774230957,854,480,25.0,h264,1200.9375,7.44
187,0.08420300483703613,854,480,25.0,h264,2401.875,7.48
188,0.07079386711120605,854,480,25.0,h264,2401.875,7.52
189,0.045042991638183594,854,480,25.0,h264,1200.9375,7.56
190,0.04000401496887207,854,480,25.0,h264,1228.9072265625,7.6
191,0.07213711738586426,854,480,25.0,h264,2373.9052734375,7.64
192,0.04545402526855469,854,480,25.0,h264,1200.9375,7.68
193,0.04397082328796387,854,480,25.0,h264,1200.9375,7.72
194,0.0788431167602539,854,480,25.0,h264,2401.875,7.76
195,0.07883095741271973,854,480,25.0,h264,2401.875,7.8
196,0.04468488693237305,854,480,25.0,h264,1200.9375,7.84
197,0.07516312599182129,854,480,25.0,h264,2401.875,7.88
198,0.04000091552734375,854,480,25.0,h264,1200.9375,7.92
199,0.08864998817443848,854,480,25.0,h264,2401.875,7.96
200,0.07839393615722656,854,480,25.0,h264,2401.875,8.0
201,0.06848907470703125,854,480,25.0,h264,2401.875,8.04
202,0.04314708709716797,854,480,25.0,h264,1200.9375,8.08
203,0.04349088668823242,854,480,25.0,h264,1200.9375,8.12
204,0.07762908935546875,854,480,25.0,h264,2401.875,8.16
205,0.04147195816040039,854,480,25.0,h264,1200.1845703125,8.2
206,0.07498908042907715,854,480,25.0,h264,2401.875,8.24
207,0.04482674598693848,854,480,25.0,h264,1200.9375,8.28
208,0.04152703285217285,854,480,25.0,h264,1200.9375,8.32
209,0.05151629447937012,854,480,25.0,h264,1200.9375,8.36
210,0.0691976547241211,854,480,25.0,h264,2401.875,8.4
211,0.07007718086242676,854,480,25.0,h264,2401.875,8.44
212,0.044007062911987305,854,480,25.0,h264,1200.9375,8.48
213,0.04391288757324219,854,480,25.0,h264,1200.9375,8.52
214,0.04000687599182129,854,480,25.0,h264,2275.6640625,8.56
215,0.04541015625,854,480,25.0,h264,126.2109375,8.6
216,0.07453417778015137,854,480,25.0,h264,2401.875,8.64
217,0.07354378700256348,854,480,25.0,h264,2401.875,8.68
218,0.04357719421386719,854,480,25.0,h264,1200.9375,8.72
219,0.0752718448638916,854,480,25.0,h264,2401.875,8.76
220,0.044764041900634766,854,480,25.0,h264,1200.9375,8.8
221,0.04289412498474121,854,480,25.0,h264,1200.9375,8.84
222,0.07788205146789551,854,480,25.0,h264,2401.875,8.88
223,0.04200387001037598,854,480,25.0,h264,1200.9375,8.92
224,0.07423996925354004,854,480,25.0,h264,2401.875,8.96
225,0.045461177825927734,854,480,25.0,h264,1200.9375,9.0
226,0.07845783233642578,854,480,25.0,h264,2401.875,9.04
227,0.04320192337036133,854,480,25.0,h264,1200.9375,9.08
228,0.040103912353515625,854,480,25.0,h264,1200.9375,9.12
229,0.0727081298828125,854,480,25.0,h264,2401.875,9.16
230,0.045134782791137695,854,480,25.0,h264,1200.9375,9.2
231,0.07513809204101562,854,480,25.0,h264,2401.875,9.24
232,0.04446101188659668,854,480,25.0,h264,1200.9375,9.28
233,0.07401514053344727,854,480,25.0,h264,2401.875,9.32
234,0.04520106315612793,854,480,25.0,h264,1200.9375,9.36
235,0.08043813705444336,854,480,25.0,h264,2401.875,9.4
236,0.04110884666442871,854,480,25.0,h264,1200.9375,9.44
237,0.07572793960571289,854,480,25.0,h264,2401.875,9.48
238,0.044023990631103516,854,480,25.0,h264,1200.9375,9.52
239,0.07527494430541992,854,480,25.0,h264,2401.875,9.56
240,0.04557013511657715,854,480,25.0,h264,1200.9375,9.6
241,0.08458995819091797,854,480,25.0,h264,2401.875,9.64
242,0.07038187980651855,854,480,25.0,h264,2401.875,9.68
243,0.04366707801818848,854,480,25.0,h264,1200.9375,9.72
244,0.0786280632019043,854,480,25.0,h264,2401.875,9.76
245,0.043203115463256836,854,480,25.0,h264,1200.9375,9.8
246,0.07804179191589355,854,480,25.0,h264,2401.875,9.84
247,0.0793769359588623,854,480,25.0,h264,2401.875,9.88
248,0.04028892517089844,854,480,25.0,h264,1200.9375,9.92
249,0.08026814460754395,854,480,25.0,h264,2401.875,9.96
250,0.08128714561462402,854,480,25.0,h264,2401.875,10.0
251,0.07933378219604492,854,480,25.0,h264,2401.875,10.04
252,0.04000425338745117,854,480,25.0,h264,2063.7763671875,10.08
253,0.08787679672241211,854,480,25.0,h264,1539.0361328125,10.12
254,0.06623101234436035,854,480,25.0,h264,2401.875,10.16
255,0.04501986503601074,854,480,25.0,h264,1200.9375,10.2
256,0.07787322998046875,854,480,25.0,h264,2401.875,10.24
257,0.04583406448364258,854,480,25.0,h264,1200.9375,10.28
258,0.07827401161193848,854,480,25.0,h264,2401.875,10.32
259,0.0899498462677002,854,480,25.0,h264,2401.875,10.36
260,0.061717987060546875,854,480,25.0,h264,2401.875,10.4
261,0.05222797393798828,854,480,25.0,h264,1201.0146484375,10.44
262,0.07485723495483398,854,480,25.0,h264,2401.875,10.48
263,0.08803081512451172,854,480,25.0,h264,2401.875,10.52
264,0.07465100288391113,854,480,25.0,h264,2401.875,10.56
265,0.06965184211730957,854,480,25.0,h264,2401.875,10.6
266,0.04394698143005371,854,480,25.0,h264,1200.9375,10.64
267,0.04194998741149902,854,480,25.0,h264,1200.9375,10.68
268,0.07629823684692383,854,480,25.0,h264,2401.875,10.72
269,0.05403709411621094,854,480,25.0,h264,1200.9375,10.76
270,0.06344985961914062,854,480,25.0,h264,2402.568359375,10.8
271,0.05665397644042969,854,480,25.0,h264,1200.9375,10.84
272,0.06639909744262695,854,480,25.0,h264,2401.875,10.88
273,0.04402899742126465,854,480,25.0,h264,1200.9375,10.92
274,0.08017396926879883,854,480,25.0,h264,2401.875,10.96
275,0.07317185401916504,854,480,25.0,h264,2401.875,11.0
276,0.040000200271606445,854,480,25.0,h264,1208.580078125,11.04
277,0.04337573051452637,854,480,25.0,h264,1193.294921875,11.08
278,0.04493308067321777,854,480,25.0,h264,1200.9375,11.12
279,0.041648149490356445,854,480,25.0,h264,1200.9375,11.16
280,0.07601809501647949,854,480,25.0,h264,2401.875,11.2
281,0.04093575477600098,854,480,25.0,h264,1200.9375,11.24
282,0.07701826095581055,854,480,25.0,h264,2401.875,11.28
283,0.08129477500915527,854,480,25.0,h264,2401.875,11.32
284,0.07779097557067871,854,480,25.0,h264,2401.875,11.36
285,0.0411829948425293,854,480,25.0,h264,1200.9375,11.4
286,0.04474210739135742,854,480,25.0,h264,1200.9375,11.44
287,0.07576298713684082,854,480,25.0,h264,2401.875,11.48
288,0.04396319389343262,854,480,25.0,h264,1200.9375,11.52
289,0.08007669448852539,854,480,25.0,h264,2401.875,11.56
290,0.07588601112365723,854,480,25.0,h264,2401.875,11.6
291,0.04064512252807617,854,480,25.0,h264,1200.9375,11.64
292,0.04147601127624512,854,480,25.0,h264,1200.9375,11.68
293,0.08310604095458984,854,480,25.0,h264,2401.875,11.72
294,0.07377886772155762,854,480,25.0,h264,2401.875,11.76
295,0.044168949127197266,854,480,25.0,h264,1200.9375,11.8
296,0.07405424118041992,854,480,25.0,h264,2401.875,11.84
297,0.04079890251159668,854,480,25.0,h264,1200.9375,11.88
298,0.042922019958496094,854,480,25.0,h264,1200.9375,11.92
299,0.07799506187438965,854,480,25.0,h264,2401.875,11.96
300,0.046132802963256836,854,480,25.0,h264,1200.9375,12.0
301,0.040730953216552734,854,480,25.0,h264,1200.9375,12.04
302,0.07742834091186523,854,480,25.0,h264,2401.875,12.08
303,0.08448171615600586,854,480,25.0,h264,2401.875,12.12
304,0.07505917549133301,854,480,25.0,h264,2401.875,12.16
305,0.07808899879455566,854,480,25.0,h264,2401.875,12.2
306,0.07814598083496094,854,480,25.0,h264,2401.875,12.24
307,0.04342985153198242,854,480,25.0,h264,1200.9375,12.28
308,0.07617807388305664,854,480,25.0,h264,2401.875,12.32
309,0.04600787162780762,854,480,25.0,h264,1200.9375,12.36
310,0.07381415367126465,854,480,25.0,h264,2401.875,12.4
311,0.045381784439086914,854,480,25.0,h264,1200.9375,12.44
312,0.07563209533691406,854,480,25.0,h264,2401.875,12.48
313,0.043621063232421875,854,480,25.0,h264,1200.9375,12.52
314,0.07285213470458984,854,480,25.0,h264,2401.875,12.56
315,0.04593801498413086,854,480,25.0,h264,1200.9375,12.6
316,0.07790374755859375,854,480,25.0,h264,2401.875,12.64
317,0.04356813430786133,854,480,25.0,h264,1200.9375,12.68
318,0.07652711868286133,854,480,25.0,h264,2401.875,12.72
319,0.11251688003540039,854,480,25.0,h264,2401.875,12.76
320,0.04224205017089844,854,480,25.0,h264,2401.875,12.8
321,0.05617690086364746,854,480,25.0,h264,1200.9375,12.84
322,0.06975412368774414,854,480,25.0,h264,2401.875,12.88
323,0.04115796089172363,854,480,25.0,h264,1200.9375,12.92
324,0.07628989219665527,854,480,25.0,h264,2401.875,12.96
325,0.052596092224121094,854,480,25.0,h264,1200.9375,13.0
326,0.07403802871704102,854,480,25.0,h264,2401.875,13.04
327,0.045658111572265625,854,480,25.0,h264,1200.9375,13.08
328,0.04480266571044922,854,480,25.0,h264,1200.9375,13.12
329,0.06662130355834961,854,480,25.0,h264,2401.8603515625,13.16
330,0.08466792106628418,854,480,25.0,h264,2401.875,13.2
331,0.07901787757873535,854,480,25.0,h264,2401.875,13.24
332,0.07921886444091797,854,480,25.0,h264,2401.875,13.28
333,0.07743120193481445,854,480,25.0,h264,2401.875,13.32
334,0.0815589427947998,854,480,25.0,h264,2399.6845703125,13.36
335,0.04267001152038574,854,480,25.0,h264,1200.9375,13.4
336,0.042855024337768555,854,480,25.0,h264,1200.9375,13.44
337,0.06630706787109375,854,480,25.0,h264,2401.875,13.48
338,0.0523378849029541,854,480,25.0,h264,1200.9375,13.52
339,0.06914901733398438,854,480,25.0,h264,2402.728515625,13.56
340,0.04229283332824707,854,480,25.0,h264,1200.9375,13.6
341,0.08344221115112305,854,480,25.0,h264,2401.875,13.64
342,0.07790017127990723,854,480,25.0,h264,2401.875,13.68
343,0.07643580436706543,854,480,25.0,h264,2401.875,13.72
344,0.0429539680480957,854,480,25.0,h264,1200.9375,13.76
345,0.04301595687866211,854,480,25.0,h264,1200.9375,13.8
346,0.04088020324707031,854,480,25.0,h264,1200.9375,13.84
347,0.07002973556518555,854,480,25.0,h264,2401.875,13.88
348,0.04526519775390625,854,480,25.0,h264,1200.9375,13.92
349,0.04490780830383301,854,480,25.0,h264,1200.9375,13.96
350,0.0731050968170166,854,480,25.0,h264,2401.875,14.0
351,0.05414414405822754,854,480,25.0,h264,1200.9375,14.04
352,0.07048988342285156,854,480,25.0,h264,2401.875,14.08
353,0.041177988052368164,854,480,25.0,h264,1200.9375,14.12
354,0.07426905632019043,854,480,25.0,h264,2401.875,14.16
355,0.04289102554321289,854,480,25.0,h264,1200.9375,14.2
356,0.04391288757324219,854,480,25.0,h264,1200.9375,14.24
357,0.07783389091491699,854,480,25.0,h264,2401.875,14.28
358,0.07649731636047363,854,480,25.0,h264,2401.875,14.32
359,0.04233884811401367,854,480,25.0,h264,1200.9375,14.36
360,0.07843303680419922,854,480,25.0,h264,2401.875,14.4
361,0.04312300682067871,854,480,25.0,h264,1200.9375,14.44
362,0.05189394950866699,854,480,25.0,h264,1200.9375,14.48
363,0.07866096496582031,854,480,25.0,h264,2401.875,14.52
364,0.06645917892456055,854,480,25.0,h264,2401.875,14.56
365,0.042642831802368164,854,480,25.0,h264,1200.9375,14.6
366,0.08399224281311035,854,480,25.0,h264,2401.875,14.64
367,0.07677173614501953,854,480,25.0,h264,2401.875,14.68
368,0.04131293296813965,854,480,25.0,h264,1200.9375,14.72
369,0.07738709449768066,854,480,25.0,h264,2401.875,14.76
370,0.043914079666137695,854,480,25.0,h264,1200.9375,14.8
371,0.0429689884185791,854,480,25.0,h264,1200.9375,14.84
372,0.0748300552368164,854,480,25.0,h264,2401.875,14.88
373,0.07425093650817871,854,480,25.0,h264,2401.875,14.92
374,0.046250104904174805,854,480,25.0,h264,1200.9375,14.96
375,0.08802580833435059,854,480,25.0,h264,2401.875,15.0
376,0.06396007537841797,854,480,25.0,h264,2401.875,15.04
377,0.049359798431396484,854,480,25.0,h264,1200.9375,15.08
378,0.07633423805236816,854,480,25.0,h264,2401.875,15.12
379,0.040001869201660156,854,480,25.0,h264,1671.9453125,15.16
380,0.04185819625854492,854,480,25.0,h264,729.9296875,15.2
381,0.07563591003417969,854,480,25.0,h264,2401.875,15.24
382,0.042803049087524414,854,480,25.0,h264,1200.9375,15.28
383,0.07605290412902832,854,480,25.0,h264,2401.875,15.32
384,0.045690059661865234,854,480,25.0,h264,1200.9375,15.36
385,0.07759594917297363,854,480,25.0,h264,2401.875,15.4
386,0.0778510570526123,854,480,25.0,h264,2401.875,15.44
387,0.044178009033203125,854,480,25.0,h264,1200.9375,15.48
388,0.07689690589904785,854,480,25.0,h264,2401.875,15.52
389,0.04114699363708496,854,480,25.0,h264,1200.9375,15.56
390,0.04025387763977051,854,480,25.0,h264,1200.9375,15.6
391,0.049285173416137695,854,480,25.0,h264,1200.9375,15.64
392,0.07050609588623047,854,480,25.0,h264,2401.875,15.68
393,0.04218173027038574,854,480,25.0,h264,1200.9375,15.72
394,0.04246234893798828,854,480,25.0,h264,1200.9375,15.76
395,0.04188966751098633,854,480,25.0,h264,1200.9375,15.8
396,0.06857419013977051,854,480,25.0,h264,2401.875,15.84
397,0.051947832107543945,854,480,25.0,h264,1200.9375,15.88
398,0.07504916191101074,854,480,25.0,h264,2401.875,15.92
399,0.07845497131347656,854,480,25.0,h264,2401.875,15.96
400,0.04023408889770508,854,480,25.0,h264,1200.9375,16.0
401,0.04371213912963867,854,480,25.0,h264,1200.9375,16.04
402,0.04000687599182129,854,480,25.0,h264,1442.4287109375,16.08
403,0.08418083190917969,854,480,25.0,h264,2161.69140625,16.12
404,0.06937003135681152,854,480,25.0,h264,2401.875,16.16
405,0.04531121253967285,854,480,25.0,h264,1200.9375,16.2
406,0.0742487907409668,854,480,25.0,h264,2401.875,16.24
407,0.08847403526306152,854,480,25.0,h264,2401.875,16.28
408,0.07686114311218262,854,480,25.0,h264,2401.875,16.32
409,0.08022403717041016,854,480,25.0,h264,2401.875,16.36
410,0.0734858512878418,854,480,25.0,h264,2401.875,16.4
411,0.04341697692871094,854,480,25.0,h264,1200.9375,16.44
412,0.07409477233886719,854,480,25.0,h264,2401.875,16.48
413,0.0446321964263916,854,480,25.0,h264,1200.9375,16.52
414,0.07715201377868652,854,480,25.0,h264,2401.875,16.56
415,0.045475006103515625,854,480,25.0,h264,1200.9375,16.6
416,0.04542803764343262,854,480,25.0,h264,1200.9375,16.64
417,0.0946509838104248,854,480,25.0,h264,2401.875,16.68
418,0.058702945709228516,854,480,25.0,h264,2401.875,16.72
419,0.04079604148864746,854,480,25.0,h264,1200.9375,16.76
420,0.040068864822387695,854,480,25.0,h264,1200.9375,16.8
421,0.04000592231750488,854,480,25.0,h264,1476.5849609375,16.84
422,0.0818471908569336,854,480,25.0,h264,2126.2275390625,16.88
423,0.07100605964660645,854,480,25.0,h264,2401.875,16.92
424,0.04558086395263672,854,480,25.0,h264,1200.9375,16.96
425,0.07976126670837402,854,480,25.0,h264,2401.875,17.0
426,0.048919677734375,854,480,25.0,h264,1200.9375,17.04
427,0.07169604301452637,854,480,25.0,h264,2401.875,17.08
428,0.08621811866760254,854,480,25.0,h264,2401.875,17.12
429,0.0742640495300293,854,480,25.0,h264,2401.875,17.16
430,0.0807650089263916,854,480,25.0,h264,2401.875,17.2
431,0.08063292503356934,854,480,25.0,h264,2401.875,17.24
432,0.07730317115783691,854,480,25.0,h264,2401.875,17.28
433,0.044484853744506836,854,480,25.0,h264,1200.9375,17.32
434,0.08241987228393555,854,480,25.0,h264,2401.875,17.36
435,0.07197999954223633,854,480,25.0,h264,2401.1484375,17.4
436,0.041967153549194336,854,480,25.0,h264,1201.6640625,17.44
437,0.04023885726928711,854,480,25.0,h264,1200.9375,17.48
438,0.08060121536254883,854,480,25.0,h264,2401.9033203125,17.52
439,0.08511471748352051,854,480,25.0,h264,2401.875,17.56
440,0.06705617904663086,854,480,25.0,h264,2401.875,17.6
441,0.05143904685974121,854,480,25.0,h264,1200.9375,17.64
442,0.07493090629577637,854,480,25.0,h264,2401.875,17.68
443,0.043109893798828125,854,480,25.0,h264,1200.9375,17.72
444,0.07575130462646484,854,480,25.0,h264,2401.875,17.76
445,0.04228997230529785,854,480,25.0,h264,1200.9375,17.8
446,0.04173779487609863,854,480,25.0,h264,1200.9375,17.84
447,0.07740020751953125,854,480,25.0,h264,2401.875,17.88
448,0.042619943618774414,854,480,25.0,h264,1200.9375,17.92
449,0.07642102241516113,854,480,25.0,h264,2401.875,17.96
450,0.05448508262634277,854,480,25.0,h264,1200.9375,18.0
451,0.059088706970214844,854,480,25.0,h264,1200.9375,18.04
452,0.05066204071044922,854,480,25.0,h264,2401.875,18.08
453,0.08053016662597656,854,480,25.0,h264,2401.875,18.12
454,0.04005289077758789,854,480,25.0,h264,1824.6279296875,18.16
455,0.04000115394592285,854,480,25.0,h264,753.7119140625,18.2
456,0.07702183723449707,854,480,25.0,h264,2225.41015625,18.24
457,0.09096288681030273,854,480,25.0,h264,2401.875,18.28
458,0.06499099731445312,854,480,25.0,h264,2401.875,18.32
459,0.04305624961853027,854,480,25.0,h264,1200.9375,18.36
460,0.04438304901123047,854,480,25.0,h264,1200.9375,18.4
461,0.040039777755737305,854,480,25.0,h264,1395.8759765625,18.44
462,0.07938504219055176,854,480,25.0,h264,2206.9365234375,18.48
463,0.08095192909240723,854,480,25.0,h264,2401.875,18.52
464,0.0696260929107666,854,480,25.0,h264,2401.875,18.56
465,0.044287919998168945,854,480,25.0,h264,1199.81640625,18.6
466,0.04219508171081543,854,480,25.0,h264,1200.9375,18.64
467,0.09070515632629395,854,480,25.0,h264,2401.875,18.68
468,0.06940889358520508,854,480,25.0,h264,2401.875,18.72
469,0.040001869201660156,854,480,25.0,h264,1311.0634765625,18.76
470,0.08556699752807617,854,480,25.0,h264,2291.7490234375,18.8
471,0.04505014419555664,854,480,25.0,h264,1200.9375,18.84
472,0.07428097724914551,854,480,25.0,h264,2401.875,18.88
473,0.0435330867767334,854,480,25.0,h264,1200.9375,18.92
474,0.07639861106872559,854,480,25.0,h264,2401.875,18.96
475,0.0771641731262207,854,480,25.0,h264,2401.875,19.0
476,0.07664108276367188,854,480,25.0,h264,2401.875,19.04
477,0.043573856353759766,854,480,25.0,h264,1200.9375,19.08
478,0.07370805740356445,854,480,25.0,h264,2401.875,19.12
479,0.04998612403869629,854,480,25.0,h264,1200.9375,19.16
480,0.05437898635864258,854,480,25.0,h264,1200.9375,19.2
481,0.06180000305175781,854,480,25.0,h264,2401.875,19.24
482,0.14095306396484375,854,480,25.0,h264,1200.9375,19.28
483,0.05714106559753418,854,480,25.0,h264,4803.75,19.32
484,0.05112791061401367,854,480,25.0,h264,1200.9375,19.36
485,0.06824493408203125,854,480,25.0,h264,2401.875,19.4
486,0.07895803451538086,854,480,25.0,h264,2401.875,19.44
487,0.04077410697937012,854,480,25.0,h264,1200.9375,19.48
488,0.0794217586517334,854,480,25.0,h264,2401.875,19.52
489,0.04201817512512207,854,480,25.0,h264,1200.9375,19.56
490,0.04215192794799805,854,480,25.0,h264,1200.9375,19.6
491,0.07533693313598633,854,480,25.0,h264,2399.1591796875,19.64
492,0.0432279109954834,854,480,25.0,h264,1200.9375,19.68
493,0.07925128936767578,854,480,25.0,h264,2401.875,19.72
494,0.07558393478393555,854,480,25.0,h264,2401.875,19.76
495,0.041818857192993164,854,480,25.0,h264,1200.9375,19.8
496,0.04215502738952637,854,480,25.0,h264,1200.9375,19.84
497,0.07755017280578613,854,480,25.0,h264,2401.875,19.88
498,0.0443418025970459,854,480,25.0,h264,1200.9375,19.92
499,0.07548093795776367,854,480,25.0,h264,2401.875,19.96
500,0.04908633232116699,854,480,25.0,h264,1200.9375,20.0
501,0.06777071952819824,854,480,25.0,h264,2405.68359375,20.04
502,0.04543113708496094,854,480,25.0,h264,1200.9375,20.08
503,0.054403066635131836,854,480,25.0,h264,1200.9375,20.12
504,0.062288761138916016,854,480,25.0,h264,2401.875,20.16
505,0.04080605506896973,854,480,25.0,h264,1200.9375,20.2
506,0.043415069580078125,854,480,25.0,h264,1200.9375,20.24
507,0.0736081600189209,854,480,25.0,h264,2401.875,20.28
508,0.04164576530456543,854,480,25.0,h264,1200.9375,20.32
509,0.04144716262817383,854,480,25.0,h264,1200.9375,20.36
510,0.05198383331298828,854,480,25.0,h264,1200.9375,20.4
511,0.06601810455322266,854,480,25.0,h264,2401.875,20.44
512,0.043833017349243164,854,480,25.0,h264,1199.62109375,20.48
513,0.0759429931640625,854,480,25.0,h264,2401.875,20.52
514,0.04320883750915527,854,480,25.0,h264,1200.9375,20.56
515,0.04238414764404297,854,480,25.0,h264,1200.9375,20.6
516,0.041033029556274414,854,480,25.0,h264,1200.9375,20.64
517,0.07902097702026367,854,480,25.0,h264,2401.875,20.68
518,0.04157710075378418,854,480,25.0,h264,1200.9375,20.72
519,0.07569265365600586,854,480,25.0,h264,2401.875,20.76
520,0.043447017669677734,854,480,25.0,h264,1200.9375,20.8
521,0.041297197341918945,854,480,25.0,h264,1200.9375,20.84
522,0.07736396789550781,854,480,25.0,h264,2401.875,20.88
523,0.0782768726348877,854,480,25.0,h264,2401.875,20.92
524,0.06837010383605957,854,480,25.0,h264,1200.9375,20.96
525,0.04624223709106445,854,480,25.0,h264,2401.875,21.0
526,0.04489398002624512,854,480,25.0,h264,1200.9375,21.04
527,0.04355573654174805,854,480,25.0,h264,1200.9375,21.08
528,0.07903718948364258,854,480,25.0,h264,2401.875,21.12
529,0.07819080352783203,854,480,25.0,h264,2401.875,21.16
530,0.07462501525878906,854,480,25.0,h264,2401.875,21.2
531,0.041996002197265625,854,480,25.0,h264,1200.9375,21.24
532,0.042942047119140625,854,480,25.0,h264,1200.9375,21.28
533,0.04224801063537598,854,480,25.0,h264,1200.9375,21.32
534,0.041316986083984375,854,480,25.0,h264,1200.9375,21.36
535,0.07691001892089844,854,480,25.0,h264,2399.595703125,21.4
536,0.04386496543884277,854,480,25.0,h264,1200.9375,21.44
537,0.07554817199707031,854,480,25.0,h264,2401.875,21.48
538,0.04423666000366211,854,480,25.0,h264,1200.9375,21.52
539,0.07551121711730957,854,480,25.0,h264,2401.875,21.56
540,0.045625925064086914,854,480,25.0,h264,1200.9375,21.6
541,0.07767200469970703,854,480,25.0,h264,2401.875,21.64
542,0.07543087005615234,854,480,25.0,h264,2401.875,21.68
543,0.042263031005859375,854,480,25.0,h264,1200.9375,21.72
544,0.0786900520324707,854,480,25.0,h264,2401.875,21.76
545,0.042713165283203125,854,480,25.0,h264,1200.9375,21.8
546,0.07527995109558105,854,480,25.0,h264,2401.875,21.84
547,0.04369187355041504,854,480,25.0,h264,1200.9375,21.88
548,0.08381509780883789,854,480,25.0,h264,2401.875,21.92
549,0.07364010810852051,854,480,25.0,h264,2401.875,21.96
550,0.044301748275756836,854,480,25.0,h264,1200.9375,22.0
551,0.07579708099365234,854,480,25.0,h264,2401.875,22.04
552,0.044413089752197266,854,480,25.0,h264,1200.9375,22.08
553,0.07607197761535645,854,480,25.0,h264,2401.875,22.12
554,0.04596304893493652,854,480,25.0,h264,1200.9375,22.16
555,0.04077005386352539,854,480,25.0,h264,1200.9375,22.2
556,0.07019400596618652,854,480,25.0,h264,2401.875,22.24
557,0.04165983200073242,854,480,25.0,h264,1200.9375,22.28
558,0.0404362678527832,854,480,25.0,h264,1200.9375,22.32
559,0.04425501823425293,854,480,25.0,h264,1200.9375,22.36
560,0.07512974739074707,854,480,25.0,h264,2401.875,22.4
561,0.04340505599975586,854,480,25.0,h264,1200.9375,22.44
562,0.07705283164978027,854,480,25.0,h264,2401.875,22.48
563,0.04457807540893555,854,480,25.0,h264,1200.9375,22.52
564,0.07860827445983887,854,480,25.0,h264,2401.875,22.56
565,0.07560586929321289,854,480,25.0,h264,2401.875,22.6
566,0.04503893852233887,854,480,25.0,h264,1200.9375,22.64
567,0.07900381088256836,854,480,25.0,h264,2401.875,22.68
568,0.04456520080566406,854,480,25.0,h264,1203.806640625,22.72
569,0.07092499732971191,854,480,25.0,h264,2401.875,22.76
570,0.042530059814453125,854,480,25.0,h264,1200.9375,22.8
571,0.05203604698181152,854,480,25.0,h264,1200.9375,22.84
572,0.06905388832092285,854,480,25.0,h264,2401.875,22.88
573,0.04343700408935547,854,480,25.0,h264,1200.9375,22.92
574,0.0766150951385498,854,480,25.0,h264,2401.875,22.96
575,0.042833805084228516,854,480,25.0,h264,1200.9375,23.0
576,0.07833695411682129,854,480,25.0,h264,2401.875,23.04
577,0.04238009452819824,854,480,25.0,h264,1200.9375,23.08
578,0.07799601554870605,854,480,25.0,h264,2401.875,23.12
579,0.07928299903869629,854,480,25.0,h264,2401.875,23.16
580,0.07501411437988281,854,480,25.0,h264,2401.875,23.2
581,0.04679083824157715,854,480,25.0,h264,1200.9375,23.24
582,0.07535099983215332,854,480,25.0,h264,2401.875,23.28
583,0.04275107383728027,854,480,25.0,h264,1200.9375,23.32
584,0.04521918296813965,854,480,25.0,h264,1198.068359375,23.36
585,0.04860067367553711,854,480,25.0,h264,1200.9375,23.4
586,0.060810089111328125,854,480,25.0,h264,2401.875,23.44
587,0.048690080642700195,854,480,25.0,h264,1200.9375,23.48
588,0.07901692390441895,854,480,25.0,h264,2401.875,23.52
589,0.04198718070983887,854,480,25.0,h264,1200.9375,23.56
590,0.047682762145996094,854,480,25.0,h264,1200.9375,23.6
591,0.0702662467956543,854,480,25.0,h264,2401.875,23.64
592,0.07434487342834473,854,480,25.0,h264,2401.875,23.68
593,0.04514312744140625,854,480,25.0,h264,1200.9375,23.72
594,0.07436800003051758,854,480,25.0,h264,2401.875,23.76
595,0.04478096961975098,854,480,25.0,h264,1200.9375,23.8
596,0.0757608413696289,854,480,25.0,h264,2401.875,23.84
597,0.04198718070983887,854,480,25.0,h264,1200.9375,23.88
598,0.04298973083496094,854,480,25.0,h264,1200.9375,23.92
599,0.08109426498413086,854,480,25.0,h264,2401.875,23.96
600,0.07721686363220215,854,480,25.0,h264,2401.875,24.0
601,0.08103299140930176,854,480,25.0,h264,2401.875,24.04
602,0.08288216590881348,854,480,25.0,h264,2401.875,24.08
603,0.0733339786529541,854,480,25.0,h264,2401.875,24.12
604,0.04481983184814453,854,480,25.0,h264,1200.9375,24.16
605,0.07516694068908691,854,480,25.0,h264,2401.875,24.2
606,0.042001962661743164,854,480,25.0,h264,1200.9375,24.24
607,0.04365205764770508,854,480,25.0,h264,1200.9375,24.28
608,0.07892513275146484,854,480,25.0,h264,2401.875,24.32
609,0.0756371021270752,854,480,25.0,h264,2401.875,24.36
610,0.04131889343261719,854,480,25.0,h264,1200.9375,24.4
611,0.08578777313232422,854,480,25.0,h264,2401.875,24.44
612,0.07837224006652832,854,480,25.0,h264,2401.875,24.48
613,0.07642602920532227,854,480,25.0,h264,2401.875,24.52
614,0.04508471488952637,854,480,25.0,h264,1200.9375,24.56
615,0.06966924667358398,854,480,25.0,h264,2401.875,24.6
616,0.04247593879699707,854,480,25.0,h264,1200.9375,24.64
617,0.059403181076049805,854,480,25.0,h264,1200.9375,24.68
618,0.0658259391784668,854,480,25.0,h264,2401.875,24.72
619,0.08190393447875977,854,480,25.0,h264,2401.875,24.76
620,0.07932114601135254,854,480,25.0,h264,2401.875,24.8
621,0.0791008472442627,854,480,25.0,h264,2401.875,24.84
622,0.07507610321044922,854,480,25.0,h264,2401.875,24.88
623,0.04528999328613281,854,480,25.0,h264,1200.9375,24.92
624,0.07181072235107422,854,480,25.0,h264,2401.875,24.96
625,0.04162025451660156,854,480,25.0,h264,1200.9375,25.0
626,0.0423588752746582,854,480,25.0,h264,1200.9375,25.04
627,0.044610023498535156,854,480,25.0,h264,1200.9375,25.08
628,0.07829594612121582,854,480,25.0,h264,2401.875,25.12
629,0.042861223220825195,854,480,25.0,h264,1200.9375,25.16
630,0.07471275329589844,854,480,25.0,h264,2401.875,25.2
631,0.042530059814453125,854,480,25.0,h264,1200.9375,25.24
632,0.041465044021606445,854,480,25.0,h264,1200.9375,25.28
633,0.07585000991821289,854,480,25.0,h264,2401.875,25.32
634,0.07680583000183105,854,480,25.0,h264,2401.875,25.36
635,0.04586315155029297,854,480,25.0,h264,1200.9375,25.4
636,0.04159903526306152,854,480,25.0,h264,1200.9375,25.44
637,0.08221888542175293,854,480,25.0,h264,2401.875,25.48
638,0.07500028610229492,854,480,25.0,h264,2401.875,25.52
639,0.07800865173339844,854,480,25.0,h264,2401.875,25.56
640,0.04647397994995117,854,480,25.0,h264,1200.9375,25.6
641,0.07487630844116211,854,480,25.0,h264,2401.875,25.64
642,0.04481673240661621,854,480,25.0,h264,1200.9375,25.68
643,0.0780479907989502,854,480,25.0,h264,2401.875,25.72
644,0.07861995697021484,854,480,25.0,h264,2401.875,25.76
645,0.08167600631713867,854,480,25.0,h264,2401.875,25.8
646,0.0892641544342041,854,480,25.0,h264,2401.875,25.84
647,0.08925700187683105,854,480,25.0,h264,1200.9375,25.88
648,0.05822110176086426,854,480,25.0,h264,3602.8125,25.92
649,0.048876047134399414,854,480,25.0,h264,1200.9375,25.96
650,0.07686686515808105,854,480,25.0,h264,2401.875,26.0
651,0.04068589210510254,854,480,25.0,h264,1200.9375,26.04
652,0.07717514038085938,854,480,25.0,h264,2401.875,26.08
653,0.07758378982543945,854,480,25.0,h264,2401.875,26.12
654,0.07786321640014648,854,480,25.0,h264,2401.875,26.16
655,0.08016681671142578,854,480,25.0,h264,2405.4677734375,26.2
656,0.04192519187927246,854,480,25.0,h264,1200.9375,26.24
657,0.08218884468078613,854,480,25.0,h264,2401.875,26.28
658,0.08359909057617188,854,480,25.0,h264,2401.875,26.32
659,0.07661294937133789,854,480,25.0,h264,2401.875,26.36
660,0.07763004302978516,854,480,25.0,h264,2401.875,26.4
661,0.041558027267456055,854,480,25.0,h264,1200.9375,26.44
662,0.07135701179504395,854,480,25.0,h264,2401.875,26.48
663,0.04712200164794922,854,480,25.0,h264,1200.9375,26.52
664,0.08463883399963379,854,480,25.0,h264,2401.875,26.56
665,0.07849907875061035,854,480,25.0,h264,2401.875,26.6
666,0.07818388938903809,854,480,25.0,h264,2401.875,26.64
667,0.04057025909423828,854,480,25.0,h264,1200.9375,26.68
668,0.07799506187438965,854,480,25.0,h264,2401.875,26.72
669,0.08093690872192383,854,480,25.0,h264,2401.875,26.76
670,0.04280281066894531,854,480,25.0,h264,1200.9375,26.8
671,0.07232308387756348,854,480,25.0,h264,2401.875,26.84
672,0.0440521240234375,854,480,25.0,h264,1200.9375,26.88
673,0.041455745697021484,854,480,25.0,h264,1200.9375,26.92
674,0.07841920852661133,854,480,25.0,h264,2401.875,26.96
675,0.07332110404968262,854,480,25.0,h264,2401.875,27.0
676,0.041072845458984375,854,480,25.0,h264,1200.9375,27.04
677,0.04460597038269043,854,480,25.0,h264,1200.9375,27.08
678,0.08219194412231445,854,480,25.0,h264,2401.875,27.12
679,0.04098105430603027,854,480,25.0,h264,1200.9375,27.16
680,0.04466104507446289,854,480,25.0,h264,1200.9375,27.2
0,1.2014241218566895,854,480,25.0,h264,4.4892578125,0.0
1,0.05454397201538086,854,480,25.0,h264,15612.1796875,0.04
2,0.0424191951751709,854,480,25.0,h264,1200.9375,0.08
3,0.042291879653930664,854,480,25.0,h264,1200.9375,0.12
4,0.04152107238769531,854,480,25.0,h264,1200.9375,0.16
5,0.07369112968444824,854,480,25.0,h264,2401.875,0.2
6,0.04429483413696289,854,480,25.0,h264,1200.9375,0.24
7,0.04851102828979492,854,480,25.0,h264,1200.9375,0.28
8,0.07110381126403809,854,480,25.0,h264,2401.875,0.32
9,0.07519125938415527,854,480,25.0,h264,2401.8740234375,0.36
10,0.04139065742492676,854,480,25.0,h264,1200.939453125,0.4
11,0.044648170471191406,854,480,25.0,h264,1200.9375,0.44
12,0.04154205322265625,854,480,25.0,h264,1200.9375,0.48
13,0.07028388977050781,854,480,25.0,h264,2401.875,0.52
14,0.04102611541748047,854,480,25.0,h264,1200.9375,0.56
15,0.04417896270751953,854,480,25.0,h264,1200.9375,0.6
16,0.04468393325805664,854,480,25.0,h264,1200.9375,0.64
17,0.04022622108459473,854,480,25.0,h264,1200.9375,0.68
18,0.07251667976379395,854,480,25.0,h264,2401.875,0.72
19,0.04397225379943848,854,480,25.0,h264,1200.9375,0.76
20,0.042427778244018555,854,480,25.0,h264,1200.9375,0.8
0,1.2147917747497559,854,480,25.0,h264,4.4892578125,0.0
1,0.055375099182128906,854,480,25.0,h264,15612.1796875,0.04
2,0.0535581111907959,854,480,25.0,h264,1200.9375,0.08
3,0.07663893699645996,854,480,25.0,h264,2401.875,0.12
4,0.07733392715454102,854,480,25.0,h264,2401.875,0.16
5,0.07706499099731445,854,480,25.0,h264,2401.875,0.2
6,0.08538985252380371,854,480,25.0,h264,2401.875,0.24
7,0.07163310050964355,854,480,25.0,h264,2401.8740234375,0.28
8,0.04111814498901367,854,480,25.0,h264,1200.939453125,0.32
9,0.04280495643615723,854,480,25.0,h264,1200.9375,0.36
10,0.04600811004638672,854,480,25.0,h264,1200.9375,0.4
11,0.06804990768432617,854,480,25.0,h264,2401.875,0.44
12,0.0441131591796875,854,480,25.0,h264,1200.9375,0.48
13,0.04511070251464844,854,480,25.0,h264,1200.9375,0.52
14,0.10117292404174805,854,480,25.0,h264,2401.875,0.56
15,0.05461907386779785,854,480,25.0,h264,2401.875,0.6
16,0.08305597305297852,854,480,25.0,h264,2401.875,0.64
17,0.0811760425567627,854,480,25.0,h264,2401.875,0.68
